-- MySQL dump 10.13  Distrib 8.0.34, for Linux (x86_64)
--
-- Host: localhost    Database: maraton_tup
-- ------------------------------------------------------
-- Server version	8.0.34-0ubuntu0.22.04.1

/*!40101 SET @OLD_CHARACTER_SET_CLIENT=@@CHARACTER_SET_CLIENT */;
/*!40101 SET @OLD_CHARACTER_SET_RESULTS=@@CHARACTER_SET_RESULTS */;
/*!40101 SET @OLD_COLLATION_CONNECTION=@@COLLATION_CONNECTION */;
/*!50503 SET NAMES utf8mb4 */;
/*!40103 SET @OLD_TIME_ZONE=@@TIME_ZONE */;
/*!40103 SET TIME_ZONE='+00:00' */;
/*!40014 SET @OLD_UNIQUE_CHECKS=@@UNIQUE_CHECKS, UNIQUE_CHECKS=0 */;
/*!40014 SET @OLD_FOREIGN_KEY_CHECKS=@@FOREIGN_KEY_CHECKS, FOREIGN_KEY_CHECKS=0 */;
/*!40101 SET @OLD_SQL_MODE=@@SQL_MODE, SQL_MODE='NO_AUTO_VALUE_ON_ZERO' */;
/*!40111 SET @OLD_SQL_NOTES=@@SQL_NOTES, SQL_NOTES=0 */;

--
-- Table structure for table `categorias`
--

DROP TABLE IF EXISTS `categorias`;
/*!40101 SET @saved_cs_client     = @@character_set_client */;
/*!50503 SET character_set_client = utf8mb4 */;
CREATE TABLE `categorias` (
  `id` bigint NOT NULL AUTO_INCREMENT,
  `descripcion` varchar(50) CHARACTER SET utf8mb3 COLLATE utf8mb3_spanish_ci NOT NULL,
  `genero` varchar(1) CHARACTER SET utf8mb3 COLLATE utf8mb3_spanish_ci NOT NULL,
  `edad_desde` int DEFAULT NULL,
  `edad_hasta` int DEFAULT NULL,
  `recorrido_id` bigint NOT NULL,
  PRIMARY KEY (`id`),
  KEY `fk_categorias_recorridos_idx` (`recorrido_id`),
  CONSTRAINT `fk_categorias_recorridos` FOREIGN KEY (`recorrido_id`) REFERENCES `recorridos` (`id`)
) ENGINE=InnoDB AUTO_INCREMENT=53 DEFAULT CHARSET=utf8mb4 COLLATE=utf8mb4_0900_ai_ci;
/*!40101 SET character_set_client = @saved_cs_client */;

--
-- Dumping data for table `categorias`
--

LOCK TABLES `categorias` WRITE;
/*!40000 ALTER TABLE `categorias` DISABLE KEYS */;
INSERT INTO `categorias` VALUES (1,'General','F',NULL,NULL,1),(2,'General','M',NULL,NULL,1),(3,'General','M',NULL,NULL,2),(4,'General','F',NULL,NULL,2),(5,'Juveniles de 18 a 19 años','F',18,19,1),(6,'Juveniles de 18 a 19 años','M',18,19,1),(7,'Juveniles de 18 a 19 años','F',18,19,2),(8,'Juveniles de 18 a 19 años','M',18,19,2),(9,'Mayores de 20 a 29 años','F',20,29,1),(10,'Mayores de 20 a 29 años','M',20,29,1),(11,'Mayores de 20 a 29 años','F',20,29,2),(12,'Mayores de 20 a 29 años','M',20,29,2),(13,'Pre Veteranos A de 30 a 34 años','F',30,34,1),(14,'Pre Veteranos A de 30 a 34 años','M',30,34,1),(15,'Pre Veteranos A de 30 a 34 años','M',30,34,2),(16,'Pre Veteranos A de 30 a 34 años','F',30,34,2),(17,'Pre Veteranos B de 35 a 39 años','F',35,39,1),(18,'Pre Veteranos B de 35 a 39 años','M',35,39,1),(19,'Pre Veteranos B de 35 a 39 años','M',35,39,2),(20,'Pre Veteranos B de 35 a 39 años','F',35,39,2),(21,'Veteranos A de 40 a 44 años','F',40,44,1),(22,'Veteranos A de 40 a 44 años','M',40,44,1),(23,'Veteranos A de 40 a 44 años','M',40,44,2),(24,'Veteranos A de 40 a 44 años','F',40,44,2),(25,'Veteranos B de 45 a 49 años','F',45,49,1),(26,'Veteranos B de 45 a 49 años','M',45,49,1),(27,'Veteranos B de 45 a 49 años','M',45,49,2),(28,'Veteranos B de 45 a 49 años','F',45,49,2),(29,'Veteranos C de 50 a 54 años','F',50,54,1),(30,'Veteranos C de 50 a 54 años','M',50,54,1),(31,'Veteranos C de 50 a 54 años','M',50,54,2),(32,'Veteranos C de 50 a 54 años','F',50,54,2),(33,'Veteranos D de 55 a 59 años','F',55,59,1),(34,'Veteranos D de 55 a 59 años 15.5 k Damas','F',55,59,2),(35,'Veteranos D de 55 a 59 años','M',55,59,2),(36,'Veteranos D de 55 a 59 años','M',55,59,1),(37,'Veteranos E de 60 a 64 años','F',60,64,1),(38,'Veteranos E de 60 a 64 años','M',60,64,1),(39,'Veteranos E de 60 a 64 años','M',60,64,2),(40,'Veteranos E de 60 a 64 años','F',60,64,2),(41,'Veteranos F de 65 a 69 años','F',65,69,1),(42,'Veteranos F de 65 a 69 años','F',65,69,2),(43,'Veteranos F de 65 a 69 años','M',65,69,2),(44,'Veteranos F de 65 a 69 años','M',65,69,1),(45,'Veteranos G más de 70 años','F',70,NULL,1),(46,'Veteranos G más de 70 años','M',70,NULL,1),(47,'Veteranos G más de 70 años','M',70,NULL,2),(48,'Veteranos G más de 70 años','F',70,NULL,2),(50,'Menores de 16 a 17 años','M',16,17,2),(52,'Menores de 16 a 17 años','F',16,17,2);
/*!40000 ALTER TABLE `categorias` ENABLE KEYS */;
UNLOCK TABLES;

--
-- Table structure for table `ciudades`
--

DROP TABLE IF EXISTS `ciudades`;
/*!40101 SET @saved_cs_client     = @@character_set_client */;
/*!50503 SET character_set_client = utf8mb4 */;
CREATE TABLE `ciudades` (
  `id` bigint NOT NULL AUTO_INCREMENT,
  `ciudad` varchar(200) CHARACTER SET utf8mb3 COLLATE utf8mb3_spanish_ci NOT NULL,
  `region_id` bigint DEFAULT NULL,
  PRIMARY KEY (`id`),
  KEY `fk_ciudades_regiones_idx` (`region_id`),
  CONSTRAINT `fk_ciudades_regiones` FOREIGN KEY (`region_id`) REFERENCES `regiones` (`id`) ON DELETE CASCADE ON UPDATE RESTRICT
) ENGINE=InnoDB AUTO_INCREMENT=199292 DEFAULT CHARSET=utf8mb4 COLLATE=utf8mb4_0900_ai_ci;
/*!40101 SET character_set_client = @saved_cs_client */;

--
-- Dumping data for table `ciudades`
--

LOCK TABLES `ciudades` WRITE;
/*!40000 ALTER TABLE `ciudades` DISABLE KEYS */;
INSERT INTO `ciudades` VALUES (164,'Reconquista',121),(170,'Posadas',112),(173,'Pilar',117),(175,'Oberá',112),(184,'Mar del Plata',117),(186,'Los Polvorines',117),(211,'Campana',117),(212,'Buenos Aires',114),(213,'Boedo',114),(215,'Belgrano',114),(220,'Avellaneda',121),(229,'Villa Constitución',121),(234,'Victoria',115),(236,'Venado Tuerto',121),(246,'Sunchales',121),(247,'Santo Tomé',121),(251,'Santa Fe',121),(256,'San Nicolás de los Arroyos',117),(269,'Rufino',121),(270,'Rosario',121),(278,'Rafaela',121),(285,'Pergamino',117),(286,'Pérez',121),(295,'Marcos Juárez',132),(303,'Laboulaye',132),(307,'Granadero Baigorria',121),(308,'Gobernador Gálvez',121),(309,'General Villegas',117),(315,'Firmat',121),(318,'Esperanza',121),(322,'Diamante',115),(327,'Cosquín',132),(329,'Coronda',121),(330,'Córdoba',132),(338,'Chacabuco',117),(343,'Casilda',121),(345,'Capitán Bermúdez',121),(346,'Cañada de Gómez',121),(351,'Arroyo Seco',121),(360,'Villa Santa Rita',114),(362,'San Miguel',117),(26409,'Chañar Ladeado',121),(26443,'Roldán',121),(26445,'Recreo',121),(26473,'Las Rosas',121),(26474,'Las Parejas',121),(26511,'Funes',121),(26513,'Fray Luis A. Beltrán',121),(26516,'El Trébol',121),(26545,'Calchaquí',121),(26553,'Armstrong',121),(53846,'Nogoyá',115),(53849,'Miramar',117),(53863,'Lomas de Zamora',117),(53970,'Villa Mugueta',121),(54040,'San Lorenzo',121),(54074,'Ramallo',117),(54156,'Las Heras',128),(54260,'Colón',117),(54301,'Arrecifes',117),(54328,'Avellaneda',117),(199291,'Puerto General San Martin',121);
/*!40000 ALTER TABLE `ciudades` ENABLE KEYS */;
UNLOCK TABLES;

--
-- Table structure for table `insccats`
--

DROP TABLE IF EXISTS `insccats`;
/*!40101 SET @saved_cs_client     = @@character_set_client */;
/*!50503 SET character_set_client = utf8mb4 */;
CREATE TABLE `insccats` (
  `id` bigint NOT NULL AUTO_INCREMENT,
  `categoria_id` bigint NOT NULL,
  `inscripcion_id` bigint NOT NULL,
  PRIMARY KEY (`id`),
  KEY `fk_insccats_categorias_idx` (`categoria_id`),
  KEY `fk_insccats_inscripciones_idx` (`inscripcion_id`),
  CONSTRAINT `fk_insccats_categorias` FOREIGN KEY (`categoria_id`) REFERENCES `categorias` (`id`),
  CONSTRAINT `fk_insccats_inscripciones` FOREIGN KEY (`inscripcion_id`) REFERENCES `inscripciones` (`id`)
) ENGINE=InnoDB AUTO_INCREMENT=4257 DEFAULT CHARSET=utf8mb4 COLLATE=utf8mb4_0900_ai_ci;
/*!40101 SET character_set_client = @saved_cs_client */;

--
-- Dumping data for table `insccats`
--

LOCK TABLES `insccats` WRITE;
/*!40000 ALTER TABLE `insccats` DISABLE KEYS */;
INSERT INTO `insccats` VALUES (519,1,3),(520,25,3),(523,2,5),(524,22,5),(531,3,9),(532,23,9),(533,2,10),(534,14,10),(535,2,11),(536,22,11),(537,4,12),(538,20,12),(539,4,13),(540,20,13),(541,1,14),(542,21,14),(543,2,15),(544,18,15),(545,2,16),(546,30,16),(547,2,17),(548,18,17),(549,4,18),(550,32,18),(553,2,20),(554,18,20),(557,1,22),(558,21,22),(559,3,23),(560,15,23),(561,4,24),(562,11,24),(563,3,25),(564,27,25),(565,4,26),(566,24,26),(567,2,27),(568,14,27),(569,1,28),(570,25,28),(571,2,29),(572,22,29),(577,2,32),(578,18,32),(579,1,33),(580,13,33),(581,2,34),(582,18,34),(583,2,35),(584,38,35),(585,2,36),(586,14,36),(587,2,37),(588,22,37),(589,2,38),(590,22,38),(591,4,39),(592,20,39),(593,2,40),(594,38,40),(595,1,41),(596,25,41),(597,2,42),(598,26,42),(599,2,43),(600,10,43),(601,4,44),(602,28,44),(603,1,45),(604,25,45),(607,4,47),(608,16,47),(609,2,48),(610,18,48),(611,2,49),(612,26,49),(613,1,50),(614,25,50),(619,1,53),(620,17,53),(621,3,54),(622,12,54),(625,4,56),(626,32,56),(627,2,57),(628,26,57),(629,2,58),(630,38,58),(633,1,60),(634,5,60),(635,2,61),(636,6,61),(637,4,62),(638,34,62),(639,3,63),(640,15,63),(641,2,64),(642,26,64),(643,1,65),(644,21,65),(645,2,66),(646,30,66),(647,3,67),(648,27,67),(649,1,68),(650,25,68),(651,1,69),(652,21,69),(653,2,70),(654,14,70),(655,2,71),(656,18,71),(657,4,72),(658,34,72),(659,1,73),(660,29,73),(661,4,74),(662,16,74),(663,2,75),(664,22,75),(665,3,76),(666,31,76),(667,4,77),(668,24,77),(669,2,78),(670,38,78),(673,3,80),(674,19,80),(675,1,81),(676,25,81),(677,2,82),(678,18,82),(679,4,83),(680,34,83),(681,4,84),(682,32,84),(685,3,86),(686,23,86),(687,2,87),(688,10,87),(691,2,89),(692,36,89),(693,1,90),(694,21,90),(695,1,91),(696,25,91),(697,2,92),(698,10,92),(699,1,93),(700,17,93),(701,2,94),(702,30,94),(703,4,95),(704,32,95),(705,2,96),(706,26,96),(707,1,97),(708,29,97),(709,2,98),(710,22,98),(711,2,100),(712,26,100),(713,2,101),(714,26,101),(715,1,102),(716,21,102),(717,3,103),(718,19,103),(719,3,104),(720,27,104),(721,1,105),(722,33,105),(725,3,107),(726,35,107),(727,1,108),(728,21,108),(737,4,113),(738,11,113),(739,2,114),(740,30,114),(741,4,115),(742,20,115),(743,1,116),(744,21,116),(745,2,117),(746,36,117),(747,1,118),(748,21,118),(749,1,119),(750,29,119),(751,1,120),(752,29,120),(755,4,122),(756,16,122),(759,1,124),(760,13,124),(761,2,125),(762,38,125),(767,1,128),(768,21,128),(769,2,129),(770,10,129),(771,1,130),(772,21,130),(777,4,133),(778,32,133),(779,2,134),(780,18,134),(781,2,135),(782,6,135),(785,2,137),(786,36,137),(787,2,138),(788,26,138),(791,2,140),(792,18,140),(793,2,141),(794,26,141),(795,2,142),(796,26,142),(797,2,143),(798,44,143),(799,4,144),(800,16,144),(801,2,145),(802,22,145),(803,2,146),(804,22,146),(805,1,147),(806,33,147),(807,3,148),(808,19,148),(809,2,149),(810,10,149),(811,2,150),(812,22,150),(813,2,151),(814,30,151),(815,2,152),(816,26,152),(819,4,154),(820,24,154),(821,1,155),(822,33,155),(823,2,156),(824,22,156),(825,1,157),(826,33,157),(827,4,158),(828,28,158),(829,1,159),(830,21,159),(831,1,160),(832,25,160),(833,2,161),(834,26,161),(835,3,162),(836,12,162),(839,4,164),(840,34,164),(841,2,165),(842,36,165),(843,2,166),(844,30,166),(845,2,167),(846,18,167),(849,2,169),(850,36,169),(851,2,170),(852,14,170),(853,2,171),(854,18,171),(855,1,172),(856,21,172),(857,2,173),(858,26,173),(859,2,174),(860,30,174),(861,1,175),(862,25,175),(863,2,176),(864,44,176),(865,1,177),(866,21,177),(867,2,178),(868,38,178),(869,2,179),(870,36,179),(871,2,180),(872,26,180),(873,4,181),(874,32,181),(875,4,182),(876,24,182),(877,2,183),(878,36,183),(879,4,184),(880,20,184),(881,2,185),(882,26,185),(883,3,186),(884,23,186),(885,3,187),(886,15,187),(887,1,188),(888,29,188),(889,1,189),(890,29,189),(891,2,190),(892,30,190),(893,2,191),(894,38,191),(895,1,192),(896,29,192),(897,1,193),(898,13,193),(899,2,194),(900,30,194),(901,2,195),(902,14,195),(903,1,196),(904,17,196),(905,1,197),(906,17,197),(909,2,199),(910,36,199),(911,2,200),(912,36,200),(913,4,201),(914,20,201),(915,3,202),(916,15,202),(917,2,203),(918,26,203),(923,3,206),(924,19,206),(929,2,209),(930,26,209),(931,2,210),(932,10,210),(933,2,211),(934,22,211),(935,2,212),(936,18,212),(937,2,213),(938,18,213),(939,2,214),(940,22,214),(951,4,220),(952,24,220),(953,3,221),(954,39,221),(955,1,222),(956,17,222),(957,4,223),(958,24,223),(959,3,224),(960,12,224),(963,1,226),(964,25,226),(967,4,228),(968,34,228),(969,3,229),(970,19,229),(971,3,230),(972,27,230),(973,1,231),(974,13,231),(975,2,232),(976,26,232),(979,4,234),(980,11,234),(981,3,235),(982,19,235),(987,3,238),(988,23,238),(989,2,239),(990,18,239),(995,2,242),(996,22,242),(997,1,243),(998,21,243),(1001,1,245),(1002,17,245),(1003,1,246),(1004,21,246),(1005,2,247),(1006,22,247),(1007,3,248),(1008,19,248),(1009,2,249),(1010,26,249),(1011,2,250),(1012,18,250),(1017,2,253),(1018,18,253),(1021,2,255),(1022,18,255),(1025,3,257),(1026,12,257),(1027,1,258),(1028,21,258),(1029,4,259),(1030,7,259),(1031,2,260),(1032,26,260),(1033,2,261),(1034,30,261),(1037,4,262),(1038,28,262),(1039,2,106),(1040,36,106),(1041,4,263),(1042,28,263),(1043,1,264),(1044,13,264),(1049,2,266),(1050,36,266),(1051,1,267),(1052,13,267),(1053,4,268),(1054,34,268),(1055,2,269),(1056,18,269),(1057,2,270),(1058,10,270),(1059,1,271),(1060,17,271),(1063,3,273),(1064,12,273),(1065,2,274),(1066,10,274),(1069,3,276),(1070,19,276),(1073,2,277),(1074,26,277),(1075,4,278),(1076,24,278),(1083,2,280),(1084,38,280),(1085,3,281),(1086,23,281),(1087,3,282),(1088,27,282),(1089,2,88),(1090,26,88),(1091,1,126),(1092,25,126),(1093,2,227),(1094,30,227),(1095,4,283),(1096,11,283),(1097,1,284),(1098,9,284),(1099,4,285),(1100,34,285),(1101,3,286),(1102,35,286),(1103,1,287),(1104,21,287),(1105,4,288),(1106,11,288),(1111,2,240),(1112,30,240),(1117,3,291),(1118,12,291),(1119,2,168),(1120,38,168),(1121,3,292),(1122,15,292),(1123,1,293),(1124,13,293),(1125,2,294),(1126,10,294),(1129,4,296),(1130,11,296),(1135,4,297),(1136,24,297),(1145,2,299),(1146,18,299),(1149,2,301),(1150,36,301),(1151,2,302),(1152,38,302),(1153,1,85),(1154,25,85),(1157,1,304),(1158,25,304),(1161,2,306),(1162,30,306),(1165,2,308),(1166,36,308),(1167,3,309),(1168,27,309),(1173,4,311),(1174,11,311),(1175,4,307),(1176,24,307),(1181,1,313),(1182,17,313),(1187,2,315),(1188,30,315),(1189,2,298),(1190,30,298),(1191,2,316),(1192,22,316),(1193,2,317),(1194,22,317),(1195,2,318),(1196,36,318),(1197,3,319),(1198,19,319),(1199,2,320),(1200,22,320),(1209,2,324),(1210,10,324),(1211,4,325),(1212,32,325),(1213,2,322),(1214,44,322),(1215,1,326),(1216,13,326),(1217,2,265),(1218,14,265),(1223,2,327),(1224,14,327),(1225,1,328),(1226,25,328),(1231,2,330),(1232,14,330),(1235,1,332),(1236,21,332),(1237,4,333),(1238,24,333),(1239,2,109),(1240,14,109),(1241,2,334),(1242,18,334),(1245,2,163),(1246,18,163),(1255,2,335),(1256,22,335),(1257,4,336),(1258,11,336),(1263,2,237),(1264,36,237),(1265,2,339),(1266,46,339),(1275,1,340),(1276,29,340),(1277,2,341),(1278,22,341),(1279,2,342),(1280,18,342),(1285,1,343),(1286,29,343),(1287,1,344),(1288,25,344),(1289,2,345),(1290,10,345),(1295,2,254),(1296,26,254),(1297,3,347),(1298,23,347),(1303,3,349),(1304,27,349),(1307,1,121),(1308,25,121),(1309,3,351),(1310,15,351),(1311,2,352),(1312,18,352),(1313,2,353),(1314,22,353),(1315,3,354),(1316,12,354),(1319,3,131),(1320,31,131),(1321,2,355),(1322,22,355),(1323,4,356),(1324,32,356),(1325,2,207),(1326,22,207),(1331,2,358),(1332,22,358),(1333,2,359),(1334,22,359),(1337,2,361),(1338,36,361),(1339,2,362),(1340,18,362),(1341,2,363),(1342,38,363),(1343,4,364),(1344,40,364),(1345,4,365),(1346,34,365),(1351,1,368),(1352,21,368),(1353,2,369),(1354,22,369),(1355,1,370),(1356,25,370),(1361,2,373),(1362,26,373),(1363,4,374),(1364,11,374),(1365,3,375),(1366,23,375),(1367,2,275),(1368,22,275),(1371,2,377),(1372,14,377),(1373,2,378),(1374,10,378),(1375,1,379),(1376,21,379),(1379,2,380),(1380,18,380),(1383,2,381),(1384,36,381),(1391,1,382),(1392,29,382),(1395,2,366),(1396,26,366),(1401,2,383),(1402,14,383),(1403,3,384),(1404,31,384),(1407,2,386),(1408,26,386),(1409,4,387),(1410,24,387),(1411,1,388),(1412,29,388),(1413,1,389),(1414,41,389),(1415,4,289),(1416,11,289),(1419,4,391),(1420,20,391),(1421,1,392),(1422,33,392),(1423,3,393),(1424,12,393),(1425,2,394),(1426,38,394),(1427,2,395),(1428,10,395),(1433,2,396),(1434,36,396),(1435,2,398),(1436,10,398),(1437,2,399),(1438,22,399),(1443,4,401),(1444,24,401),(1445,2,402),(1446,30,402),(1447,1,403),(1448,13,403),(1449,3,404),(1450,23,404),(1451,2,405),(1452,36,405),(1453,1,406),(1454,25,406),(1455,3,407),(1456,15,407),(1457,4,408),(1458,32,408),(1459,1,409),(1460,17,409),(1461,2,410),(1462,18,410),(1463,3,411),(1464,12,411),(1467,4,412),(1468,11,412),(1471,1,413),(1472,33,413),(1473,2,414),(1474,14,414),(1475,1,415),(1476,25,415),(1477,4,416),(1478,28,416),(1479,3,417),(1480,27,417),(1485,2,132),(1486,30,132),(1487,4,418),(1488,16,418),(1489,4,419),(1490,11,419),(1493,3,420),(1494,35,420),(1513,4,421),(1514,16,421),(1515,2,424),(1516,22,424),(1517,4,371),(1518,16,371),(1521,1,425),(1522,25,425),(1523,4,426),(1524,28,426),(1543,4,428),(1544,24,428),(1545,1,429),(1546,9,429),(1547,2,430),(1548,10,430),(1549,2,431),(1550,26,431),(1551,3,432),(1552,31,432),(1553,2,218),(1554,30,218),(1555,4,433),(1556,20,433),(1557,4,434),(1558,20,434),(1559,1,435),(1560,13,435),(1561,2,436),(1562,38,436),(1569,1,367),(1570,21,367),(1571,2,110),(1572,38,110),(1573,4,438),(1574,28,438),(1577,4,440),(1578,11,440),(1579,1,441),(1580,21,441),(1583,3,442),(1584,31,442),(1585,2,443),(1586,22,443),(1589,1,112),(1590,21,112),(1591,2,444),(1592,14,444),(1607,2,449),(1608,18,449),(1609,1,450),(1610,13,450),(1611,1,451),(1612,21,451),(1615,2,453),(1616,30,453),(1617,1,454),(1618,25,454),(1619,4,455),(1620,40,455),(1623,2,457),(1624,14,457),(1627,2,458),(1628,18,458),(1631,3,459),(1632,31,459),(1633,1,460),(1634,9,460),(1635,2,461),(1636,6,461),(1637,4,310),(1638,24,310),(1639,4,205),(1640,24,205),(1643,4,462),(1644,11,462),(1649,1,464),(1650,33,464),(1651,1,465),(1652,21,465),(1655,3,467),(1656,15,467),(1667,1,469),(1668,37,469),(1669,4,198),(1670,20,198),(1673,2,312),(1674,22,312),(1675,1,471),(1676,13,471),(1677,4,472),(1678,28,472),(1679,2,473),(1680,36,473),(1681,2,208),(1682,30,208),(1683,4,474),(1684,20,474),(1685,2,439),(1686,22,439),(1687,3,475),(1688,15,475),(1689,2,321),(1690,30,321),(1691,2,476),(1692,10,476),(1693,4,477),(1694,32,477),(1695,2,478),(1696,22,478),(1697,2,479),(1698,22,479),(1699,2,480),(1700,26,480),(1703,4,481),(1704,20,481),(1709,1,484),(1710,29,484),(1713,3,486),(1714,15,486),(1715,2,485),(1716,22,485),(1721,4,488),(1722,20,488),(1723,2,489),(1724,18,489),(1725,2,490),(1726,14,490),(1727,3,491),(1728,12,491),(1731,4,492),(1732,32,492),(1733,2,493),(1734,18,493),(1735,2,494),(1736,36,494),(1737,2,495),(1738,26,495),(1743,2,482),(1744,14,482),(1747,2,498),(1748,30,498),(1749,2,499),(1750,22,499),(1757,4,501),(1758,34,501),(1759,1,502),(1760,21,502),(1761,3,503),(1762,43,503),(1763,4,504),(1764,20,504),(1765,4,505),(1766,32,505),(1767,2,506),(1768,22,506),(1769,3,507),(1770,2,508),(1771,18,508),(1772,3,509),(1773,31,509),(1774,1,510),(1775,25,510),(1780,1,500),(1781,41,500),(1788,1,329),(1789,29,329),(1790,2,513),(1791,22,513),(1792,1,514),(1793,33,514),(1794,2,515),(1797,2,517),(1798,18,517),(1799,4,518),(1800,20,518),(1801,3,519),(1802,35,519),(1803,2,520),(1804,26,520),(1813,1,521),(1814,17,521),(1815,2,522),(1816,26,522),(1817,2,372),(1818,22,372),(1821,1,215),(1822,21,215),(1823,1,523),(1824,13,523),(1827,2,516),(1828,14,516),(1829,2,346),(1830,14,346),(1831,2,525),(1832,30,525),(1833,4,526),(1834,32,526),(1835,1,527),(1836,25,527),(1837,1,528),(1838,29,528),(1841,3,529),(1842,15,529),(1843,2,530),(1844,18,530),(1847,2,531),(1848,14,531),(1851,4,233),(1852,11,233),(1853,2,533),(1854,30,533),(1855,2,534),(1856,26,534),(1857,4,535),(1858,28,535),(1861,2,537),(1862,14,537),(1863,2,538),(1864,22,538),(1865,3,539),(1866,35,539),(1867,3,540),(1868,19,540),(1879,4,544),(1880,28,544),(1891,2,545),(1892,44,545),(1897,4,546),(1898,40,546),(1899,2,547),(1900,18,547),(1901,1,548),(1902,17,548),(1903,2,549),(1904,18,549),(1907,1,446),(1908,25,446),(1915,2,552),(1916,30,552),(1921,1,553),(1922,25,553),(1923,2,21),(1924,18,21),(1925,2,511),(1926,10,511),(1927,4,554),(1928,16,554),(1929,1,4),(1930,29,4),(1931,1,543),(1932,21,543),(1933,2,555),(1934,36,555),(1937,3,556),(1938,15,556),(1939,1,551),(1940,21,551),(1941,3,557),(1942,19,557),(1945,1,558),(1946,21,558),(1949,3,560),(1950,39,560),(1951,2,561),(1952,22,561),(1953,2,562),(1954,26,562),(1955,2,563),(1956,22,563),(1963,2,565),(1964,36,565),(1965,3,566),(1966,23,566),(1967,1,567),(1968,17,567),(1975,1,568),(1976,25,568),(1987,2,569),(1988,18,569),(1991,3,571),(1992,31,571),(1993,3,572),(1994,15,572),(1999,3,574),(2000,19,574),(2001,2,575),(2002,30,575),(2007,2,427),(2008,36,427),(2009,1,576),(2010,25,576),(2015,2,578),(2016,22,578),(2019,4,579),(2020,20,579),(2021,3,580),(2022,15,580),(2023,4,581),(2024,32,581),(2031,3,584),(2032,31,584),(2041,2,587),(2042,14,587),(2047,2,588),(2048,22,588),(2051,2,589),(2052,36,589),(2053,2,590),(2054,38,590),(2055,2,591),(2056,18,591),(2061,2,592),(2062,18,592),(2065,2,593),(2066,10,593),(2079,4,7),(2080,32,7),(2081,2,594),(2082,18,594),(2087,4,595),(2088,34,595),(2091,2,541),(2092,10,541),(2095,1,582),(2096,13,582),(2097,1,360),(2098,29,360),(2099,2,596),(2100,18,596),(2101,4,597),(2102,16,597),(2103,2,598),(2104,30,598),(2105,1,272),(2106,25,272),(2109,2,348),(2110,22,348),(2111,2,524),(2112,30,524),(2113,1,497),(2114,33,497),(2117,1,466),(2118,17,466),(2119,4,331),(2120,11,331),(2123,2,300),(2124,26,300),(2133,2,600),(2134,44,600),(2135,2,601),(2136,18,601),(2137,1,602),(2138,29,602),(2163,2,59),(2164,30,59),(2169,2,603),(2170,36,603),(2171,1,290),(2172,25,290),(2173,1,604),(2174,25,604),(2177,2,606),(2178,26,606),(2179,2,573),(2180,38,573),(2183,2,605),(2184,14,605),(2185,2,483),(2186,36,483),(2187,4,456),(2188,16,456),(2189,4,447),(2190,28,447),(2191,1,607),(2192,21,607),(2193,2,139),(2194,36,139),(2195,3,608),(2196,19,608),(2197,2,609),(2198,18,609),(2199,1,111),(2200,29,111),(2201,2,610),(2202,26,610),(2205,2,252),(2206,10,252),(2207,1,611),(2208,17,611),(2215,2,612),(2216,22,612),(2219,2,613),(2220,14,613),(2221,4,614),(2222,11,614),(2225,2,616),(2226,14,616),(2227,2,617),(2228,18,617),(2233,2,619),(2234,26,619),(2235,2,570),(2236,30,570),(2237,2,620),(2238,14,620),(2239,1,621),(2240,21,621),(2241,3,583),(2242,8,583),(2243,4,622),(2244,11,622),(2245,1,623),(2246,21,623),(2253,2,625),(2254,44,625),(2255,3,626),(2256,15,626),(2265,1,627),(2266,29,627),(2269,4,628),(2270,32,628),(2271,3,629),(2272,15,629),(2273,2,630),(2274,14,630),(2275,1,470),(2276,33,470),(2277,1,631),(2278,25,631),(2281,2,632),(2282,30,632),(2283,1,633),(2284,29,633),(2285,1,634),(2286,9,634),(2287,3,635),(2288,23,635),(2289,2,559),(2290,36,559),(2291,1,452),(2292,17,452),(2295,2,423),(2296,30,423),(2299,4,638),(2300,20,638),(2301,2,639),(2302,30,639),(2303,2,640),(2304,22,640),(2305,4,641),(2306,28,641),(2307,1,642),(2308,21,642),(2309,4,6),(2310,24,6),(2311,3,643),(2312,23,643),(2315,1,645),(2316,17,645),(2317,4,646),(2318,32,646),(2321,1,648),(2322,21,648),(2325,4,649),(2326,34,649),(2327,1,650),(2328,17,650),(2330,2,652),(2331,4,653),(2332,20,653),(2337,4,655),(2338,11,655),(2341,1,536),(2342,13,536),(2345,2,657),(2346,30,657),(2347,3,658),(2348,19,658),(2349,2,659),(2350,26,659),(2351,2,660),(2352,26,660),(2353,2,661),(2354,38,661),(2355,4,662),(2356,11,662),(2357,4,663),(2358,24,663),(2361,2,665),(2362,18,665),(2363,1,666),(2364,29,666),(2365,4,667),(2366,11,667),(2367,1,644),(2368,29,644),(2369,2,668),(2370,30,668),(2377,4,670),(2378,24,670),(2381,3,671),(2382,27,671),(2384,1,673),(2385,9,673),(2388,3,675),(2389,19,675),(2390,3,676),(2391,35,676),(2392,2,674),(2393,22,674),(2394,2,677),(2395,46,677),(2396,2,678),(2397,30,678),(2398,1,679),(2399,29,679),(2400,1,153),(2401,29,153),(2402,3,680),(2403,31,680),(2406,2,681),(2407,18,681),(2408,2,682),(2409,30,682),(2414,3,618),(2415,12,618),(2416,1,684),(2417,5,684),(2418,4,685),(2419,16,685),(2420,3,686),(2421,19,686),(2426,3,687),(2427,35,687),(2428,2,689),(2429,14,689),(2430,1,656),(2431,13,656),(2432,1,690),(2433,25,690),(2434,2,691),(2435,38,691),(2452,2,693),(2453,30,693),(2460,2,694),(2461,10,694),(2462,2,695),(2463,30,695),(2468,1,696),(2469,29,696),(2472,2,385),(2473,36,385),(2474,2,697),(2475,46,697),(2478,2,279),(2479,14,279),(2480,2,698),(2481,18,698),(2484,2,699),(2485,14,699),(2490,4,701),(2491,11,701),(2494,4,703),(2495,20,703),(2498,2,704),(2499,26,704),(2500,2,702),(2501,18,702),(2502,1,705),(2503,17,705),(2504,1,706),(2505,25,706),(2510,1,707),(2511,13,707),(2512,1,305),(2513,13,305),(2514,2,708),(2515,18,708),(2520,1,709),(2521,37,709),(2526,4,711),(2527,16,711),(2530,2,712),(2531,26,712),(2534,2,713),(2535,22,713),(2538,1,715),(2539,21,715),(2548,1,716),(2549,41,716),(2550,4,717),(2551,28,717),(2552,1,718),(2553,25,718),(2554,1,46),(2555,21,46),(2558,4,719),(2559,28,719),(2562,2,720),(2563,18,720),(2566,3,721),(2567,15,721),(2572,3,722),(2573,12,722),(2576,4,724),(2577,16,724),(2582,3,726),(2583,19,726),(2586,3,727),(2587,43,727),(2592,3,728),(2593,23,728),(2594,2,729),(2595,10,729),(2596,2,654),(2597,36,654),(2598,4,730),(2599,16,730),(2600,2,731),(2601,18,731),(2602,2,732),(2603,44,732),(2608,2,734),(2609,18,734),(2620,2,723),(2621,18,723),(2623,2,738),(2624,30,738),(2626,1,737),(2629,4,542),(2630,16,542),(2631,1,739),(2632,29,739),(2635,2,741),(2636,14,741),(2637,1,740),(2638,25,740),(2639,1,79),(2640,21,79),(2643,2,743),(2644,22,743),(2645,4,744),(2646,34,744),(2649,1,745),(2650,21,745),(2651,3,746),(2652,31,746),(2655,2,747),(2656,26,747),(2661,3,748),(2662,15,748),(2663,2,749),(2664,2,750),(2665,18,750),(2668,1,736),(2669,9,736),(2670,2,752),(2671,10,752),(2674,2,753),(2675,26,753),(2682,2,754),(2683,30,754),(2688,4,756),(2689,16,756),(2690,2,314),(2691,10,314),(2694,1,758),(2695,33,758),(2696,4,759),(2697,28,759),(2698,1,760),(2699,21,760),(2701,1,757),(2702,25,757),(2703,4,761),(2704,7,761),(2705,4,241),(2706,52,241),(2719,3,765),(2720,12,765),(2725,1,751),(2726,25,751),(2727,4,766),(2728,16,766),(2735,2,651),(2736,4,768),(2737,28,768),(2738,4,303),(2739,16,303),(2748,1,771),(2749,17,771),(2754,3,390),(2755,19,390),(2756,4,772),(2757,28,772),(2758,2,437),(2759,26,437),(2780,2,775),(2781,26,775),(2782,2,776),(2783,10,776),(2784,4,777),(2785,28,777),(2786,4,778),(2787,20,778),(2788,2,779),(2789,38,779),(2790,4,767),(2791,11,767),(2792,2,780),(2793,36,780),(2806,2,782),(2807,18,782),(2814,1,785),(2815,21,785),(2816,2,786),(2817,30,786),(2820,1,496),(2821,21,496),(2822,2,787),(2823,22,787),(2824,1,577),(2825,41,577),(2826,2,788),(2827,14,788),(2828,4,789),(2829,32,789),(2842,3,669),(2843,19,669),(2848,2,615),(2849,22,615),(2852,4,790),(2853,20,790),(2854,4,792),(2855,11,792),(2858,3,664),(2859,31,664),(2860,2,225),(2861,30,225),(2864,4,793),(2865,34,793),(2866,2,794),(2867,14,794),(2870,2,791),(2871,22,791),(2876,1,795),(2877,13,795),(2878,4,796),(2879,16,796),(2884,1,797),(2885,21,797),(2886,4,599),(2887,28,599),(2888,4,798),(2889,42,798),(2890,4,783),(2891,16,783),(2892,3,256),(2893,23,256),(2900,2,801),(2901,2,802),(2902,14,802),(2905,2,804),(2906,30,804),(2907,2,733),(2908,26,733),(2909,1,805),(2910,25,805),(2911,4,806),(2912,32,806),(2913,1,807),(2914,17,807),(2915,1,808),(2916,17,808),(2921,2,809),(2922,26,809),(2923,4,810),(2924,28,810),(2925,4,811),(2926,40,811),(2929,4,799),(2930,34,799),(2931,3,781),(2932,19,781),(2933,2,812),(2934,22,812),(2935,2,445),(2936,10,445),(2937,2,813),(2938,22,813),(2939,4,814),(2940,20,814),(2941,1,815),(2942,13,815),(2943,3,770),(2944,31,770),(2945,2,816),(2946,22,816),(2947,2,683),(2948,22,683),(2949,3,817),(2950,12,817),(2951,2,818),(2952,10,818),(2957,2,820),(2958,36,820),(2965,2,136),(2966,18,136),(2969,4,819),(2970,42,819),(2975,2,822),(2976,10,822),(2977,2,823),(2978,10,823),(2979,2,824),(2980,18,824),(2981,4,825),(2982,16,825),(2983,1,784),(2984,13,784),(2985,4,826),(2986,24,826),(2987,3,827),(2988,12,827),(2989,1,828),(2990,17,828),(2991,4,564),(2992,24,564),(2997,1,735),(2998,13,735),(2999,1,830),(3000,21,830),(3001,1,821),(3002,21,821),(3005,3,832),(3006,19,832),(3007,2,550),(3008,22,550),(3019,1,834),(3020,29,834),(3021,2,836),(3022,30,836),(3023,2,837),(3024,22,837),(3025,2,468),(3026,14,468),(3033,2,19),(3034,36,19),(3041,2,839),(3042,14,839),(3043,3,840),(3044,15,840),(3049,2,842),(3050,18,842),(3053,2,843),(3054,26,843),(3061,4,844),(3062,20,844),(3063,4,845),(3064,32,845),(3065,3,742),(3066,39,742),(3067,4,846),(3068,16,846),(3073,1,847),(3074,25,847),(3075,4,512),(3076,24,512),(3077,3,848),(3078,19,848),(3083,2,850),(3084,14,850),(3085,3,851),(3086,35,851),(3107,2,854),(3108,22,854),(3113,1,855),(3114,21,855),(3115,2,1),(3116,30,1),(3117,3,856),(3118,31,856),(3119,1,323),(3120,17,323),(3123,1,857),(3124,25,857),(3125,2,858),(3126,30,858),(3127,2,859),(3128,18,859),(3129,3,860),(3130,35,860),(3131,2,861),(3132,18,861),(3135,2,688),(3136,38,688),(3137,2,862),(3138,30,862),(3139,2,863),(3140,30,863),(3147,2,865),(3148,26,865),(3149,2,51),(3150,14,51),(3155,4,866),(3156,32,866),(3165,1,868),(3166,29,868),(3169,2,867),(3170,18,867),(3171,1,864),(3172,9,864),(3175,3,869),(3176,39,869),(3177,2,774),(3178,10,774),(3183,4,872),(3184,28,872),(3185,1,871),(3186,13,871),(3189,2,873),(3190,14,873),(3191,3,52),(3192,12,52),(3193,2,874),(3194,22,874),(3201,4,350),(3202,20,350),(3207,2,878),(3208,26,878),(3213,2,877),(3214,30,877),(3217,2,876),(3218,36,876),(3219,1,833),(3220,17,833),(3221,4,55),(3222,40,55),(3225,2,852),(3226,22,852),(3233,1,880),(3234,21,880),(3235,1,881),(3236,29,881),(3237,3,853),(3238,15,853),(3241,2,882),(3242,14,882),(3253,4,884),(3254,11,884),(3259,1,885),(3260,21,885),(3279,3,487),(3280,31,487),(3283,2,887),(3284,30,887),(3299,2,624),(3300,26,624),(3301,3,891),(3302,12,891),(3303,2,892),(3304,26,892),(3307,3,894),(3308,15,894),(3309,4,895),(3310,28,895),(3313,1,897),(3314,9,897),(3315,1,896),(3316,29,896),(3317,2,841),(3318,18,841),(3319,4,898),(3320,34,898),(3321,3,899),(3322,39,899),(3323,3,900),(3324,27,900),(3325,4,901),(3326,7,901),(3329,2,902),(3330,44,902),(3331,4,903),(3332,16,903),(3347,2,904),(3348,22,904),(3351,4,905),(3352,28,905),(3359,1,907),(3360,13,907),(3363,3,908),(3364,23,908),(3365,2,909),(3366,22,909),(3367,2,910),(3368,36,910),(3387,1,357),(3388,21,357),(3399,2,913),(3400,14,913),(3403,4,829),(3404,24,829),(3405,4,912),(3406,32,912),(3407,4,914),(3408,7,914),(3409,2,915),(3410,30,915),(3419,2,918),(3420,36,918),(3423,2,917),(3424,26,917),(3431,2,883),(3432,22,883),(3439,1,919),(3440,29,919),(3441,1,920),(3442,37,920),(3443,2,921),(3444,26,921),(3445,4,922),(3446,16,922),(3447,1,916),(3448,25,916),(3449,1,923),(3450,5,923),(3453,3,831),(3454,23,831),(3455,1,769),(3456,13,769),(3459,1,886),(3460,29,886),(3463,3,925),(3464,35,925),(3465,4,924),(3466,40,924),(3467,1,926),(3468,9,926),(3471,2,927),(3472,26,927),(3475,2,929),(3476,30,929),(3481,3,893),(3482,27,893),(3483,1,870),(3484,13,870),(3485,2,875),(3486,44,875),(3489,4,928),(3490,20,928),(3491,2,931),(3492,38,931),(3495,1,933),(3496,17,933),(3499,4,930),(3500,28,930),(3503,2,888),(3504,26,888),(3509,1,935),(3510,21,935),(3511,3,932),(3512,12,932),(3513,1,936),(3514,25,936),(3515,2,937),(3516,18,937),(3521,1,938),(3522,21,938),(3527,1,400),(3528,25,400),(3529,1,800),(3530,21,800),(3533,1,940),(3534,33,940),(3535,3,941),(3536,27,941),(3537,2,31),(3538,26,31),(3539,2,849),(3540,38,849),(3541,3,942),(3542,19,942),(3547,2,944),(3548,38,944),(3553,3,945),(3554,8,945),(3555,4,251),(3556,20,251),(3557,3,127),(3558,23,127),(3561,4,244),(3562,34,244),(3567,1,947),(3568,25,947),(3571,2,948),(3572,36,948),(3575,2,949),(3576,10,949),(3581,4,952),(3582,11,952),(3583,2,951),(3584,26,951),(3585,3,953),(3586,35,953),(3587,4,954),(3588,24,954),(3589,2,955),(3590,22,955),(3591,2,956),(3592,10,956),(3593,4,957),(3594,28,957),(3595,3,958),(3596,19,958),(3603,4,960),(3604,20,960),(3605,3,835),(3606,15,835),(3607,3,950),(3608,12,950),(3609,1,961),(3610,13,961),(3621,3,963),(3622,27,963),(3623,3,946),(3624,15,946),(3625,2,964),(3626,26,964),(3633,4,939),(3634,24,939),(3635,1,889),(3636,29,889),(3639,4,967),(3640,24,967),(3641,4,966),(3642,24,966),(3643,2,968),(3644,18,968),(3645,1,969),(3646,29,969),(3649,2,970),(3650,26,970),(3651,4,448),(3652,11,448),(3655,2,971),(3656,18,971),(3657,3,637),(3658,19,637),(3659,3,972),(3660,39,972),(3661,2,973),(3662,10,973),(3669,2,647),(3670,10,647),(3671,1,974),(3672,13,974),(3673,2,975),(3674,26,975),(3675,1,976),(3676,25,976),(3677,2,977),(3678,36,977),(3679,2,978),(3680,26,978),(3685,4,979),(3686,20,979),(3690,3,980),(3693,2,981),(3694,38,981),(3697,3,982),(3698,8,982),(3703,4,216),(3704,16,216),(3705,2,984),(3706,36,984),(3709,2,985),(3710,26,985),(3715,1,700),(3716,25,700),(3717,4,986),(3718,16,986),(3719,1,763),(3720,33,763),(3721,1,764),(3722,41,764),(3723,3,987),(3724,35,987),(3729,3,988),(3730,12,988),(3735,2,990),(3736,14,990),(3737,2,991),(3738,10,991),(3741,1,992),(3742,13,992),(3749,2,994),(3750,26,994),(3751,2,995),(3752,44,995),(3753,4,996),(3754,34,996),(3763,1,965),(3764,25,965),(3765,1,998),(3766,37,998),(3767,2,999),(3768,22,999),(3775,2,710),(3776,14,710),(3777,1,217),(3778,13,217),(3781,2,1001),(3782,36,1001),(3785,4,1003),(3786,28,1003),(3787,3,983),(3788,12,983),(3789,2,1002),(3790,26,1002),(3791,4,1004),(3792,16,1004),(3793,1,959),(3794,13,959),(3795,3,1005),(3796,15,1005),(3797,3,1006),(3798,31,1006),(3799,4,1007),(3800,16,1007),(3801,1,1008),(3802,21,1008),(3805,1,1010),(3806,29,1010),(3809,2,1012),(3810,22,1012),(3811,4,1011),(3812,24,1011),(3815,2,1014),(3816,30,1014),(3817,4,1015),(3818,20,1015),(3819,1,692),(3820,13,692),(3825,3,1017),(3826,12,1017),(3833,2,1016),(3834,26,1016),(3835,2,204),(3836,22,204),(3837,4,1018),(3838,20,1018),(3847,2,1020),(3848,30,1020),(3851,3,1021),(3852,35,1021),(3853,3,1022),(3854,12,1022),(3855,4,962),(3856,34,962),(3857,2,1023),(3858,30,1023),(3859,2,1024),(3860,26,1024),(3863,2,1025),(3864,18,1025),(3865,1,1026),(3866,25,1026),(3867,1,1027),(3868,33,1027),(3869,2,1028),(3870,18,1028),(3873,4,1029),(3874,28,1029),(3877,2,1031),(3878,26,1031),(3879,4,1030),(3880,24,1030),(3881,3,1032),(3882,12,1032),(3883,1,1013),(3884,9,1013),(3885,2,1033),(3886,18,1033),(3887,2,295),(3888,14,295),(3895,2,1034),(3896,36,1034),(3897,1,1035),(3898,21,1035),(3903,2,463),(3904,30,463),(3905,1,1036),(3906,25,1036),(3907,3,1037),(3908,15,1037),(3911,2,1038),(3912,36,1038),(3913,4,219),(3914,28,219),(3915,2,1039),(3916,10,1039),(3925,1,911),(3926,17,911),(3927,1,123),(3928,33,123),(3929,2,1040),(3930,36,1040),(3931,2,1041),(3932,36,1041),(3935,2,1042),(3936,14,1042),(3937,4,1000),(3938,11,1000),(3939,1,1043),(3940,25,1043),(3941,4,1044),(3942,20,1044),(3955,2,1046),(3956,18,1046),(3961,1,1045),(3962,25,1045),(3963,1,1047),(3964,9,1047),(3967,4,1048),(3968,20,1048),(3969,3,1049),(3970,19,1049),(3971,3,1050),(3972,35,1050),(3973,1,1051),(3974,25,1051),(3979,1,1052),(3980,9,1052),(3981,4,997),(3982,20,997),(3987,4,585),(3988,11,585),(3989,3,1054),(3990,35,1054),(3991,2,993),(3992,22,993),(3993,2,1055),(3994,14,1055),(4001,4,1057),(4002,32,1057),(4003,3,1058),(4004,31,1058),(4005,2,1059),(4006,30,1059),(4007,3,1060),(4008,23,1060),(4009,3,1061),(4010,31,1061),(4011,3,1062),(4012,12,1062),(4013,4,1063),(4014,32,1063),(4015,4,1064),(4016,34,1064),(4019,1,1065),(4020,25,1065),(4021,3,1066),(4022,31,1066),(4023,3,1056),(4024,27,1056),(4025,4,1067),(4026,28,1067),(4029,2,714),(4030,18,714),(4031,2,1068),(4032,26,1068),(4035,4,1069),(4036,28,1069),(4037,3,1070),(4038,35,1070),(4039,4,1071),(4040,24,1071),(4043,2,1053),(4044,26,1053),(4045,1,934),(4046,17,934),(4047,4,1073),(4048,20,1073),(4049,4,1072),(4050,24,1072),(4051,2,943),(4052,18,943),(4053,1,422),(4054,9,422),(4057,4,879),(4058,16,879),(4059,2,1074),(4060,18,1074),(4061,3,1075),(4062,35,1075),(4063,3,1076),(4064,15,1076),(4065,4,725),(4066,32,725),(4067,4,1077),(4068,34,1077),(4069,2,1078),(4070,14,1078),(4071,2,906),(4072,36,906),(4073,4,1079),(4074,20,1079),(4075,4,1080),(4076,24,1080),(4079,4,1082),(4080,11,1082),(4081,2,838),(4082,14,838),(4085,3,1083),(4086,19,1083),(4089,3,803),(4090,39,803),(4093,2,397),(4094,30,397),(4099,3,773),(4100,31,773),(4101,4,532),(4102,40,532),(4103,3,636),(4104,23,636),(4105,4,1084),(4106,34,1084),(4107,2,1085),(4108,26,1085),(4111,4,1086),(4112,24,1086),(4113,2,1087),(4114,18,1087),(4115,4,1088),(4116,28,1088),(4119,2,1090),(4120,22,1090),(4121,2,1089),(4122,18,1089),(4123,3,1091),(4124,23,1091),(4125,1,1092),(4126,29,1092),(4127,3,1093),(4128,19,1093),(4129,1,236),(4130,25,236),(4131,2,1094),(4132,14,1094),(4133,2,1095),(4134,26,1095),(4135,3,1096),(4136,35,1096),(4137,2,1009),(4138,26,1009),(4139,2,1097),(4140,44,1097),(4141,2,1098),(4142,18,1098),(4143,1,1081),(4144,9,1081),(4147,2,8),(4148,22,8),(4149,4,1099),(4150,32,1099),(4151,4,1100),(4152,34,1100),(4159,4,1102),(4160,16,1102),(4161,1,1101),(4162,25,1101),(4163,2,1103),(4164,30,1103),(4165,2,1104),(4166,22,1104),(4167,2,1105),(4168,22,1105),(4169,2,1106),(4170,18,1106),(4171,2,1107),(4172,26,1107),(4173,2,762),(4174,26,762),(4175,1,1108),(4176,25,1108),(4177,1,1109),(4178,17,1109),(4179,2,1110),(4180,30,1110),(4181,1,1111),(4182,17,1111),(4183,4,1112),(4184,11,1112),(4185,2,1019),(4186,36,1019),(4187,1,1113),(4188,21,1113),(4189,3,1114),(4190,35,1114),(4191,4,376),(4192,16,376),(4193,2,1115),(4194,30,1115),(4195,4,1116),(4196,20,1116),(4207,3,586),(4208,27,586),(4211,4,30),(4212,24,30),(4215,1,1117),(4216,29,1117),(4219,4,1119),(4220,24,1119),(4221,4,1120),(4222,7,1120),(4225,2,1121),(4226,30,1121),(4227,2,1118),(4228,14,1118),(4229,2,1122),(4230,26,1122),(4231,2,989),(4232,30,989),(4235,3,1123),(4236,15,1123),(4237,4,1124),(4238,28,1124),(4243,3,755),(4244,19,755),(4245,2,1125),(4246,36,1125),(4247,4,1126),(4248,11,1126),(4249,3,1127),(4250,31,1127),(4251,1,337),(4252,17,337),(4253,1,890),(4254,37,890),(4255,4,1128),(4256,52,1128);
/*!40000 ALTER TABLE `insccats` ENABLE KEYS */;
UNLOCK TABLES;

--
-- Table structure for table `inscripciones`
--

DROP TABLE IF EXISTS `inscripciones`;
/*!40101 SET @saved_cs_client     = @@character_set_client */;
/*!50503 SET character_set_client = utf8mb4 */;
CREATE TABLE `inscripciones` (
  `id` bigint NOT NULL AUTO_INCREMENT,
  `talle_kit_id` bigint NOT NULL,
  `recorrido_id` bigint DEFAULT NULL,
  `participante_id` bigint DEFAULT NULL,
  PRIMARY KEY (`id`)
) ENGINE=InnoDB AUTO_INCREMENT=1129 DEFAULT CHARSET=utf8mb4 COLLATE=utf8mb4_0900_ai_ci;
/*!40101 SET character_set_client = @saved_cs_client */;

--
-- Dumping data for table `inscripciones`
--

LOCK TABLES `inscripciones` WRITE;
/*!40000 ALTER TABLE `inscripciones` DISABLE KEYS */;
INSERT INTO `inscripciones` VALUES (1,2,1,1),(3,1,1,6),(4,1,1,7),(5,4,1,8),(6,3,2,9),(7,2,2,10),(8,2,1,11),(9,4,2,12),(10,3,1,13),(11,2,1,14),(12,4,2,15),(13,2,2,16),(14,1,1,17),(15,2,1,18),(16,5,1,19),(17,3,1,20),(18,2,2,21),(19,3,1,22),(20,4,1,23),(21,5,1,24),(22,3,1,25),(23,4,2,26),(24,2,2,27),(25,5,2,28),(26,1,2,29),(27,3,1,30),(28,2,1,31),(29,5,1,32),(30,1,2,33),(31,4,1,34),(32,4,1,35),(33,1,1,36),(34,2,1,37),(35,3,1,38),(36,4,1,39),(37,3,1,40),(38,4,1,41),(39,2,2,42),(40,5,1,43),(41,3,1,44),(42,4,1,45),(43,3,1,46),(44,3,2,47),(45,1,1,48),(46,3,1,49),(47,4,2,50),(48,5,1,51),(49,3,1,52),(50,3,1,53),(51,3,1,54),(52,3,2,55),(53,5,1,56),(54,3,2,57),(55,2,2,58),(56,4,2,59),(57,3,1,60),(58,4,1,61),(59,4,1,62),(60,1,1,63),(61,2,1,64),(62,1,2,65),(63,3,2,66),(64,4,1,67),(65,5,1,68),(66,5,1,69),(67,4,2,70),(68,2,1,71),(69,2,1,72),(70,3,1,73),(71,3,1,74),(72,4,2,75),(73,1,1,76),(74,2,2,77),(75,2,1,78),(76,5,2,79),(77,2,2,80),(78,3,1,81),(79,2,1,82),(80,3,2,83),(81,1,1,84),(82,4,1,85),(83,2,2,86),(84,2,2,87),(85,3,1,88),(86,4,2,89),(87,4,1,90),(88,4,1,91),(89,5,2,92),(90,1,1,93),(91,1,1,94),(92,4,1,95),(93,3,1,96),(94,3,1,97),(95,3,2,98),(96,3,1,99),(97,4,1,100),(98,5,1,101),(100,4,1,102),(101,4,1,103),(102,2,1,104),(103,4,2,105),(104,4,2,106),(105,3,1,107),(106,3,1,108),(107,4,2,109),(108,1,1,110),(109,5,1,111),(110,4,1,112),(111,1,1,113),(112,1,1,114),(113,2,2,115),(114,4,1,116),(115,2,2,117),(116,3,1,118),(117,3,1,119),(118,1,1,120),(119,1,1,121),(120,1,1,122),(121,3,1,123),(122,2,2,124),(123,1,1,125),(124,1,1,126),(125,4,1,127),(126,1,1,128),(127,4,2,129),(128,1,1,130),(129,4,1,131),(130,3,1,132),(131,3,2,133),(132,3,1,134),(133,2,2,135),(134,3,1,136),(135,5,1,137),(136,4,1,138),(137,3,1,139),(138,4,1,140),(139,3,1,141),(140,4,1,142),(141,2,1,143),(142,3,1,144),(143,4,1,145),(144,1,2,146),(145,3,1,147),(146,2,1,148),(147,1,1,149),(148,5,2,150),(149,3,1,151),(150,2,1,152),(151,3,1,153),(152,3,1,154),(153,1,1,155),(154,2,2,156),(155,3,1,157),(156,5,1,158),(157,2,1,159),(158,2,2,160),(159,1,1,161),(160,3,1,162),(161,3,1,163),(162,4,2,164),(163,5,1,165),(164,1,2,166),(165,3,1,167),(166,4,1,168),(167,3,1,169),(168,2,1,170),(169,2,1,171),(170,5,1,172),(171,5,1,173),(172,1,1,174),(173,2,1,175),(174,2,1,176),(175,1,1,177),(176,3,1,178),(177,1,1,179),(178,2,1,180),(179,5,1,181),(180,5,1,182),(181,3,2,183),(182,1,2,184),(183,3,1,185),(184,1,2,186),(185,2,1,187),(186,5,2,188),(187,4,2,189),(188,2,1,190),(189,2,1,191),(190,3,1,192),(191,4,1,193),(192,2,1,194),(193,1,1,195),(194,2,1,196),(195,3,1,197),(196,2,1,198),(197,2,1,199),(198,2,2,200),(199,4,1,201),(200,3,1,202),(201,4,2,203),(202,5,2,204),(203,3,1,205),(204,4,1,206),(205,2,2,207),(206,4,2,208),(207,3,1,209),(208,3,1,210),(209,2,1,211),(210,3,1,212),(211,2,1,213),(212,5,1,214),(213,4,1,215),(214,2,1,216),(215,2,1,217),(216,2,2,218),(217,1,1,219),(218,4,1,220),(219,2,2,221),(220,1,2,222),(221,5,2,223),(222,2,1,224),(223,1,2,225),(224,5,2,226),(225,3,1,227),(226,1,1,228),(227,4,1,229),(228,1,2,230),(229,4,2,231),(230,4,2,232),(231,1,1,233),(232,2,1,234),(233,2,2,235),(234,1,2,236),(235,4,2,237),(236,4,1,238),(237,4,1,239),(238,5,2,240),(239,3,1,241),(240,4,1,242),(241,2,2,243),(242,3,1,244),(243,1,1,245),(244,2,2,246),(245,1,1,247),(246,1,1,248),(247,3,1,249),(248,4,2,250),(249,4,1,251),(250,2,1,252),(251,5,2,253),(252,3,1,254),(253,4,1,255),(254,3,1,256),(255,3,1,257),(256,5,2,258),(257,5,2,259),(258,3,1,260),(259,3,2,261),(260,4,1,262),(261,5,1,263),(262,1,2,264),(263,2,2,265),(264,1,1,266),(265,3,1,267),(266,3,1,268),(267,2,1,269),(268,3,2,270),(269,3,1,271),(270,3,1,272),(271,2,1,273),(272,1,1,274),(273,3,2,275),(274,4,1,276),(275,4,1,277),(276,4,2,278),(277,2,1,279),(278,3,2,280),(279,3,1,281),(280,3,1,282),(281,4,2,283),(282,4,2,284),(283,1,2,285),(284,2,1,286),(285,1,2,287),(286,5,2,288),(287,1,1,289),(288,1,2,290),(289,3,2,291),(290,1,1,292),(291,4,2,293),(292,5,2,294),(293,4,1,295),(294,4,1,296),(295,5,1,297),(296,2,2,298),(297,4,2,299),(298,3,1,300),(299,4,1,301),(300,5,1,302),(301,5,1,303),(302,4,1,304),(303,2,2,305),(304,1,1,306),(305,2,1,307),(306,5,1,308),(307,5,2,309),(308,4,1,310),(309,4,2,311),(310,2,2,312),(311,1,2,313),(312,4,1,314),(313,5,1,315),(314,3,1,316),(315,4,1,317),(316,4,1,318),(317,2,1,319),(318,4,1,320),(319,2,2,321),(320,4,1,322),(321,4,1,323),(322,3,1,324),(323,1,1,325),(324,4,1,326),(325,1,2,327),(326,2,1,328),(327,4,1,329),(328,1,1,330),(329,1,1,331),(330,5,1,332),(331,1,2,333),(332,1,1,334),(333,5,2,335),(334,3,1,336),(335,2,1,337),(336,2,2,338),(337,1,1,339),(339,5,1,341),(340,1,1,342),(341,4,1,343),(342,3,1,344),(343,1,1,345),(344,1,1,346),(345,4,1,347),(346,4,1,348),(347,5,2,349),(348,3,1,350),(349,3,2,351),(350,1,2,352),(351,5,2,353),(352,3,1,354),(353,4,1,355),(354,5,2,356),(355,5,1,357),(356,2,2,358),(357,1,1,359),(358,5,1,360),(359,5,1,361),(360,1,1,362),(361,3,1,363),(362,3,1,364),(363,2,1,365),(364,3,2,366),(365,2,2,367),(366,3,1,368),(367,1,1,369),(368,1,1,370),(369,3,1,371),(370,1,1,372),(371,2,2,373),(372,4,1,374),(373,3,1,375),(374,1,2,376),(375,5,2,377),(376,3,2,378),(377,4,1,379),(378,3,1,380),(379,1,1,381),(380,3,1,382),(381,3,1,383),(382,3,1,384),(383,2,1,385),(384,4,2,386),(385,3,1,387),(386,4,1,388),(387,1,2,389),(388,1,1,390),(389,4,1,391),(390,3,2,392),(391,2,2,393),(392,1,1,394),(393,3,2,395),(394,4,1,396),(395,2,1,397),(396,4,1,398),(397,2,1,399),(398,4,1,400),(399,4,1,401),(400,2,1,402),(401,4,2,403),(402,4,1,404),(403,2,1,405),(404,3,2,406),(405,1,1,407),(406,3,1,408),(407,2,2,409),(408,1,2,410),(409,1,1,411),(410,3,1,412),(411,4,2,413),(412,2,2,414),(413,2,1,415),(414,5,1,416),(415,2,1,417),(416,4,2,418),(417,2,2,419),(418,1,2,420),(419,2,2,421),(420,5,2,422),(421,1,2,423),(422,1,1,424),(423,5,1,425),(424,4,1,426),(425,1,1,427),(426,2,2,428),(427,3,1,429),(428,1,2,430),(429,3,1,431),(430,3,1,432),(431,3,1,433),(432,3,2,434),(433,1,2,435),(434,2,2,436),(435,1,1,437),(436,4,1,438),(437,3,1,439),(438,2,2,440),(439,2,1,441),(440,3,2,442),(441,3,1,443),(442,4,2,444),(443,5,1,445),(444,3,1,446),(445,2,1,447),(446,3,1,448),(447,3,2,449),(448,3,2,450),(449,2,1,451),(450,1,1,452),(451,1,1,453),(452,2,1,454),(453,4,1,455),(454,2,1,456),(455,3,2,457),(456,3,2,458),(457,3,1,459),(458,5,1,460),(459,3,2,461),(460,2,1,462),(461,4,1,463),(462,1,2,464),(463,3,1,465),(464,1,1,466),(465,2,1,467),(466,1,1,468),(467,4,2,469),(468,3,1,470),(469,2,1,471),(470,1,1,472),(471,1,1,473),(472,1,2,474),(473,1,1,475),(474,1,2,476),(475,5,2,477),(476,5,1,478),(477,3,2,479),(478,2,1,480),(479,4,1,481),(480,5,1,482),(481,3,2,483),(482,2,1,484),(483,4,1,485),(484,1,1,486),(485,3,1,487),(486,4,2,488),(487,4,2,489),(488,3,2,490),(489,1,1,491),(490,3,1,492),(491,2,2,493),(492,4,2,494),(493,2,1,495),(494,5,1,496),(495,4,1,497),(496,2,1,498),(497,3,1,499),(498,4,1,500),(499,4,1,501),(500,1,1,502),(501,3,2,503),(502,3,1,504),(503,1,2,505),(504,1,2,506),(505,3,2,507),(506,4,1,508),(507,5,2,509),(508,5,1,510),(509,4,2,511),(510,1,1,512),(511,2,1,513),(512,3,2,514),(513,5,1,515),(514,3,1,516),(515,3,1,517),(516,5,1,518),(517,4,1,519),(518,3,2,520),(519,5,2,521),(520,4,1,522),(521,1,1,523),(522,3,1,524),(523,1,1,525),(524,3,1,526),(525,5,1,527),(526,1,2,528),(527,2,1,529),(528,2,1,530),(529,3,2,531),(530,3,1,532),(531,2,1,533),(532,5,2,534),(533,3,1,535),(534,3,1,536),(535,3,2,537),(536,3,1,538),(537,4,1,539),(538,5,1,540),(539,5,2,541),(540,5,2,542),(541,4,1,543),(542,2,2,544),(543,1,1,545),(544,1,2,546),(545,5,1,547),(546,2,2,548),(547,2,1,549),(548,1,1,550),(549,5,1,551),(550,2,1,552),(551,1,1,553),(552,4,1,554),(553,1,1,555),(554,2,2,556),(555,3,1,557),(556,3,2,558),(557,4,2,559),(558,1,1,560),(559,4,1,561),(560,5,2,562),(561,3,1,563),(562,1,1,564),(563,4,1,565),(564,1,2,566),(565,2,1,567),(566,4,2,568),(567,1,1,569),(568,3,1,570),(569,3,1,571),(570,4,1,572),(571,2,2,573),(572,5,2,574),(573,4,1,575),(574,3,2,576),(575,4,1,577),(576,3,1,578),(577,1,1,579),(578,2,1,580),(579,4,2,581),(580,2,2,582),(581,1,2,583),(582,2,1,584),(583,3,2,585),(584,3,2,586),(585,2,2,587),(586,5,2,588),(587,3,1,589),(588,5,1,590),(589,4,1,591),(590,3,1,592),(591,3,1,593),(592,4,1,594),(593,3,1,595),(594,3,1,596),(595,4,2,597),(596,3,1,598),(597,1,2,599),(598,4,1,600),(599,5,2,601),(600,3,1,602),(601,3,1,603),(602,2,1,604),(603,2,1,605),(604,1,1,606),(605,4,1,607),(606,2,1,608),(607,1,1,609),(608,4,2,610),(609,3,1,611),(610,2,1,612),(611,2,1,613),(612,3,1,614),(613,3,1,615),(614,3,2,616),(615,4,1,617),(616,2,1,618),(617,1,1,619),(618,4,2,620),(619,2,1,621),(620,3,1,622),(621,1,1,623),(622,2,2,624),(623,3,1,625),(624,3,1,626),(625,3,1,627),(626,2,2,628),(627,3,1,629),(628,3,2,630),(629,4,2,631),(630,2,1,632),(631,1,1,633),(632,2,1,634),(633,2,1,635),(634,1,1,636),(635,4,2,637),(636,5,2,638),(637,2,2,639),(638,2,2,640),(639,4,1,641),(640,2,1,642),(641,4,2,643),(642,2,1,644),(643,5,2,645),(644,2,1,646),(645,1,1,647),(646,1,2,648),(647,3,1,649),(648,2,1,650),(649,2,2,651),(650,1,1,652),(651,2,1,653),(652,3,1,654),(653,3,2,655),(654,3,1,656),(655,4,2,657),(656,1,1,658),(657,2,1,659),(658,2,2,660),(659,5,1,661),(660,4,1,662),(661,5,1,663),(662,3,2,664),(663,1,2,665),(664,4,2,666),(665,3,1,667),(666,1,1,668),(667,2,2,669),(668,4,1,670),(669,3,2,671),(670,3,2,672),(671,4,2,673),(673,2,1,675),(674,5,1,676),(675,3,2,677),(676,4,2,678),(677,5,1,679),(678,3,1,680),(679,1,1,681),(680,4,2,682),(681,4,1,683),(682,3,1,684),(683,2,1,685),(684,1,1,686),(685,1,2,687),(686,3,2,688),(687,5,2,689),(688,3,1,690),(689,2,1,691),(690,2,1,692),(691,3,1,693),(692,1,1,694),(693,3,1,695),(694,3,1,696),(695,3,1,697),(696,1,1,698),(697,3,1,699),(698,5,1,700),(699,3,1,701),(700,3,1,702),(701,1,2,703),(702,3,1,704),(703,3,2,705),(704,5,1,706),(705,2,1,707),(706,2,1,708),(707,1,1,709),(708,3,1,710),(709,3,1,711),(710,4,1,712),(711,1,2,713),(712,5,1,714),(713,3,1,715),(714,4,1,716),(715,3,1,717),(716,2,1,718),(717,3,2,719),(718,2,1,720),(719,3,2,721),(720,3,1,722),(721,3,2,723),(722,1,2,724),(723,3,1,725),(724,2,2,726),(725,2,2,727),(726,3,2,728),(727,3,2,729),(728,3,2,730),(729,3,1,731),(730,2,2,732),(731,3,1,733),(732,3,1,734),(733,4,1,735),(734,3,1,736),(735,1,1,737),(736,2,1,738),(737,2,1,739),(738,3,1,740),(739,2,1,741),(740,2,1,742),(741,2,1,743),(742,3,2,744),(743,2,1,745),(744,3,2,746),(745,2,1,747),(746,3,2,748),(747,5,1,749),(748,3,2,750),(749,3,1,751),(750,3,1,752),(751,3,1,753),(752,3,1,754),(753,3,1,755),(754,3,1,756),(755,4,2,757),(756,2,2,758),(757,2,1,759),(758,2,1,760),(759,2,2,761),(760,3,1,762),(761,2,2,763),(762,3,1,764),(763,3,1,765),(764,3,1,766),(765,5,2,767),(766,2,2,768),(767,2,2,769),(768,3,2,770),(769,4,1,771),(770,5,2,772),(771,2,1,773),(772,3,2,774),(773,3,2,775),(774,3,1,776),(775,2,1,777),(776,3,1,778),(777,3,2,779),(778,2,2,780),(779,3,1,781),(780,3,1,782),(781,4,2,783),(782,3,1,784),(783,2,2,785),(784,2,1,786),(785,2,1,787),(786,2,1,788),(787,3,1,789),(788,2,1,790),(789,3,2,791),(790,1,2,792),(791,4,1,793),(792,3,2,794),(793,3,2,795),(794,5,1,796),(795,1,1,797),(796,2,2,798),(797,1,1,799),(798,1,2,800),(799,3,2,801),(800,2,1,802),(801,4,1,803),(802,3,1,804),(803,3,2,805),(804,5,1,806),(805,1,1,807),(806,3,2,808),(807,1,1,809),(808,1,1,810),(809,4,1,811),(810,2,2,812),(811,1,2,813),(812,4,1,814),(813,4,1,815),(814,2,2,816),(815,1,1,817),(816,4,1,818),(817,5,2,819),(818,2,1,820),(819,4,2,821),(820,4,1,822),(821,1,1,823),(822,4,1,824),(823,4,1,825),(824,2,1,826),(825,2,2,827),(826,2,2,828),(827,4,2,829),(828,1,1,830),(829,1,2,831),(830,1,1,832),(831,3,2,833),(832,4,2,834),(833,1,1,835),(834,2,2,836),(835,4,2,837),(836,2,1,838),(837,2,1,839),(838,3,1,840),(839,3,1,841),(840,4,2,842),(841,3,1,843),(842,3,1,844),(843,4,1,845),(844,2,2,846),(845,5,2,847),(846,1,2,848),(847,2,1,849),(848,4,2,850),(849,5,1,851),(850,2,1,852),(851,5,2,853),(852,5,1,854),(853,5,2,855),(854,4,1,856),(855,1,1,857),(856,4,2,858),(857,3,1,859),(858,4,1,860),(859,3,1,861),(860,4,2,862),(861,1,1,863),(862,3,1,864),(863,4,1,865),(864,2,1,866),(865,3,1,867),(866,3,2,868),(867,4,1,869),(868,2,1,870),(869,5,2,871),(870,2,1,872),(871,1,1,873),(872,3,2,874),(873,3,1,875),(874,2,1,876),(875,4,1,877),(876,2,1,878),(877,3,1,879),(878,3,1,880),(879,3,2,881),(880,1,1,882),(881,3,1,883),(882,5,1,884),(883,3,1,885),(884,1,2,886),(885,1,1,887),(886,1,1,888),(887,3,1,889),(888,2,1,890),(889,2,1,891),(890,5,1,892),(891,3,2,893),(892,3,1,894),(893,4,2,895),(894,5,2,896),(895,1,2,897),(896,4,1,898),(897,1,1,899),(898,2,2,900),(899,4,2,901),(900,2,2,902),(901,1,2,903),(902,5,1,904),(903,3,2,905),(904,4,1,906),(905,1,2,907),(906,3,1,908),(907,1,1,909),(908,4,2,910),(909,3,1,911),(910,3,1,912),(911,1,1,913),(912,2,2,914),(913,4,1,915),(914,1,2,916),(915,3,1,917),(916,1,1,918),(917,4,1,919),(918,4,1,920),(919,1,1,921),(920,2,1,922),(921,5,1,923),(922,3,2,924),(923,3,1,925),(924,5,2,926),(925,3,2,927),(926,1,1,928),(927,3,1,929),(928,2,2,930),(929,4,1,931),(930,3,2,932),(931,4,1,933),(932,1,2,934),(933,4,1,935),(934,1,1,936),(935,3,1,937),(936,4,1,938),(937,4,1,939),(938,2,1,940),(939,1,2,941),(940,2,1,942),(941,5,2,943),(942,5,2,944),(943,2,1,945),(944,5,1,946),(945,3,2,947),(946,2,2,948),(947,2,1,949),(948,3,1,950),(949,3,1,951),(950,3,2,952),(951,5,1,953),(952,1,2,954),(953,3,2,955),(954,1,2,956),(955,3,1,957),(956,5,1,958),(957,2,2,959),(958,3,2,960),(959,2,1,961),(960,5,2,962),(961,2,1,963),(962,2,2,964),(963,4,2,965),(964,3,1,966),(965,3,1,967),(966,2,2,968),(967,2,2,969),(968,4,1,970),(969,2,1,971),(970,2,1,972),(971,3,1,973),(972,4,2,974),(973,4,1,975),(974,2,1,976),(975,4,1,977),(976,1,1,978),(977,4,1,979),(978,3,1,980),(979,4,2,981),(980,3,2,982),(981,5,1,983),(982,3,2,984),(983,3,2,985),(984,2,1,986),(985,4,1,987),(986,2,2,988),(987,4,2,989),(988,2,2,990),(989,4,1,991),(990,3,1,992),(991,3,1,993),(992,1,1,994),(993,3,1,995),(994,3,1,996),(995,3,1,997),(996,4,2,998),(997,3,2,999),(998,2,1,1000),(999,3,1,1001),(1000,3,2,1002),(1001,3,1,1003),(1002,4,1,1004),(1003,1,2,1005),(1004,3,2,1006),(1005,3,2,1007),(1006,4,2,1008),(1007,1,2,1009),(1008,1,1,1010),(1009,4,1,1011),(1010,1,1,1012),(1011,3,2,1013),(1012,3,1,1014),(1013,4,1,1015),(1014,3,1,1016),(1015,2,2,1017),(1016,3,1,1018),(1017,2,2,1019),(1018,1,2,1020),(1019,4,1,1021),(1020,4,1,1022),(1021,5,2,1023),(1022,3,2,1024),(1023,5,1,1025),(1024,3,1,1026),(1025,3,1,1027),(1026,2,1,1028),(1027,1,1,1029),(1028,3,1,1030),(1029,4,2,1031),(1030,3,2,1032),(1031,2,1,1033),(1032,3,2,1034),(1033,3,1,1035),(1034,4,1,1036),(1035,3,1,1037),(1036,4,1,1038),(1037,5,2,1039),(1038,4,1,1040),(1039,4,1,1041),(1040,4,1,1042),(1041,3,1,1043),(1042,3,1,1044),(1043,1,1,1045),(1044,1,2,1046),(1045,5,1,1047),(1046,3,1,1048),(1047,1,1,1049),(1048,5,2,1050),(1049,4,2,1051),(1050,3,2,1052),(1051,2,1,1053),(1052,1,1,1054),(1053,3,1,1055),(1054,5,2,1056),(1055,3,1,1057),(1056,5,2,1058),(1057,1,2,1059),(1058,3,2,1060),(1059,3,1,1061),(1060,4,2,1062),(1061,4,2,1063),(1062,2,2,1064),(1063,3,2,1065),(1064,1,2,1066),(1065,1,1,1067),(1066,4,2,1068),(1067,3,2,1069),(1068,3,1,1070),(1069,3,2,1071),(1070,5,2,1072),(1071,2,2,1073),(1072,2,2,1074),(1073,3,2,1075),(1074,5,1,1076),(1075,3,2,1077),(1076,5,2,1078),(1077,3,2,1079),(1078,5,1,1080),(1079,3,2,1081),(1080,1,2,1082),(1081,2,1,1083),(1082,2,2,1084),(1083,4,2,1085),(1084,4,2,1086),(1085,4,1,1087),(1086,2,2,1088),(1087,3,1,1089),(1088,2,2,1090),(1089,3,1,1091),(1090,3,1,1092),(1091,3,2,1093),(1092,1,1,1094),(1093,2,2,1095),(1094,4,1,1096),(1095,4,1,1097),(1096,4,2,1098),(1097,3,1,1099),(1098,5,1,1100),(1099,1,2,1101),(1100,2,2,1102),(1101,1,1,1103),(1102,1,2,1104),(1103,3,1,1105),(1104,3,1,1106),(1105,4,1,1107),(1106,3,1,1108),(1107,3,1,1109),(1108,2,1,1110),(1109,2,1,1111),(1110,2,1,1112),(1111,1,1,1113),(1112,2,2,1114),(1113,1,1,1115),(1114,4,2,1116),(1115,5,1,1117),(1116,2,2,1118),(1117,1,1,1119),(1118,5,1,1120),(1119,2,2,1121),(1120,1,2,1122),(1121,4,1,1123),(1122,4,1,1124),(1123,4,2,1125),(1124,3,2,1126),(1125,3,1,1127),(1126,1,2,1128),(1127,5,2,1129),(1128,3,2,1130);
/*!40000 ALTER TABLE `inscripciones` ENABLE KEYS */;
UNLOCK TABLES;

--
-- Table structure for table `kits`
--

DROP TABLE IF EXISTS `kits`;
/*!40101 SET @saved_cs_client     = @@character_set_client */;
/*!50503 SET character_set_client = utf8mb4 */;
CREATE TABLE `kits` (
  `id` bigint NOT NULL AUTO_INCREMENT,
  `talle` varchar(2) CHARACTER SET utf8mb3 COLLATE utf8mb3_spanish_ci NOT NULL,
  `stock_inicial` int NOT NULL,
  `stock` int NOT NULL,
  `maraton_id` bigint NOT NULL,
  PRIMARY KEY (`id`),
  KEY `fk_kits_maratones_idx` (`maraton_id`),
  CONSTRAINT `fk_kits_maratones` FOREIGN KEY (`maraton_id`) REFERENCES `maratones` (`id`)
) ENGINE=InnoDB AUTO_INCREMENT=6 DEFAULT CHARSET=utf8mb4 COLLATE=utf8mb4_0900_ai_ci;
/*!40101 SET character_set_client = @saved_cs_client */;

--
-- Dumping data for table `kits`
--

LOCK TABLES `kits` WRITE;
/*!40000 ALTER TABLE `kits` DISABLE KEYS */;
INSERT INTO `kits` VALUES (1,'xs',100,201,1),(2,'s',150,187,1),(3,'m',200,233,1),(4,'l',100,189,1),(5,'xl',50,9,1);
/*!40000 ALTER TABLE `kits` ENABLE KEYS */;
UNLOCK TABLES;

--
-- Table structure for table `maratones`
--

DROP TABLE IF EXISTS `maratones`;
/*!40101 SET @saved_cs_client     = @@character_set_client */;
/*!50503 SET character_set_client = utf8mb4 */;
CREATE TABLE `maratones` (
  `id` bigint NOT NULL AUTO_INCREMENT,
  `descripcion` varchar(100) CHARACTER SET utf8mb3 COLLATE utf8mb3_spanish_ci NOT NULL,
  `cupo_max_inscriptos` int NOT NULL DEFAULT '1500',
  PRIMARY KEY (`id`)
) ENGINE=InnoDB AUTO_INCREMENT=2 DEFAULT CHARSET=utf8mb4 COLLATE=utf8mb4_0900_ai_ci;
/*!40101 SET character_set_client = @saved_cs_client */;

--
-- Dumping data for table `maratones`
--

LOCK TABLES `maratones` WRITE;
/*!40000 ALTER TABLE `maratones` DISABLE KEYS */;
INSERT INTO `maratones` VALUES (1,'Maratón 155 Años de La Capital',1550);
/*!40000 ALTER TABLE `maratones` ENABLE KEYS */;
UNLOCK TABLES;

--
-- Table structure for table `paises`
--

DROP TABLE IF EXISTS `paises`;
/*!40101 SET @saved_cs_client     = @@character_set_client */;
/*!50503 SET character_set_client = utf8mb4 */;
CREATE TABLE `paises` (
  `id` bigint NOT NULL AUTO_INCREMENT,
  `pais` varchar(200) CHARACTER SET utf8mb3 COLLATE utf8mb3_spanish_ci NOT NULL,
  PRIMARY KEY (`id`)
) ENGINE=InnoDB AUTO_INCREMENT=253 DEFAULT CHARSET=utf8mb4 COLLATE=utf8mb4_0900_ai_ci;
/*!40101 SET character_set_client = @saved_cs_client */;

--
-- Dumping data for table `paises`
--

LOCK TABLES `paises` WRITE;
/*!40000 ALTER TABLE `paises` DISABLE KEYS */;
INSERT INTO `paises` VALUES (10,'Argentina'),(11,'American Samoa'),(31,'Brazil'),(75,'France'),(175,'Peru'),(187,'Paraguay'),(229,'Taiwan'),(234,'United States'),(235,'Uruguay'),(239,'Venezuela');
/*!40000 ALTER TABLE `paises` ENABLE KEYS */;
UNLOCK TABLES;

--
-- Table structure for table `participantes`
--

DROP TABLE IF EXISTS `participantes`;
/*!40101 SET @saved_cs_client     = @@character_set_client */;
/*!50503 SET character_set_client = utf8mb4 */;
CREATE TABLE `participantes` (
  `id` bigint NOT NULL AUTO_INCREMENT,
  `nro_doc_pas` varchar(15) CHARACTER SET utf8mb3 COLLATE utf8mb3_spanish_ci DEFAULT NULL,
  `genero` varchar(1) CHARACTER SET utf8mb3 COLLATE utf8mb3_spanish_ci NOT NULL,
  `nombre` varchar(100) CHARACTER SET utf8mb3 COLLATE utf8mb3_spanish_ci NOT NULL,
  `apellido` varchar(100) CHARACTER SET utf8mb3 COLLATE utf8mb3_spanish_ci NOT NULL,
  `fec_nac` date DEFAULT NULL,
  `institucion` varchar(255) CHARACTER SET utf8mb3 COLLATE utf8mb3_spanish_ci DEFAULT NULL,
  `nom_cto_emerg` varchar(255) CHARACTER SET utf8mb3 COLLATE utf8mb3_spanish_ci NOT NULL,
  `cel_cto_emerg` varchar(20) CHARACTER SET utf8mb3 COLLATE utf8mb3_spanish_ci NOT NULL,
  `cobertura_medica` varchar(255) CHARACTER SET utf8mb3 COLLATE utf8mb3_spanish_ci NOT NULL,
  `direccion` varchar(100) CHARACTER SET utf8mb3 COLLATE utf8mb3_general_ci DEFAULT NULL,
  `ciudad_id` bigint NOT NULL,
  `nacionalidad_id` bigint NOT NULL,
  `celular` varchar(20) CHARACTER SET utf8mb3 COLLATE utf8mb3_general_ci DEFAULT NULL,
  PRIMARY KEY (`id`),
  KEY `fk_participantes_ciudades_idx` (`ciudad_id`),
  KEY `fk_participantes_paises_idx` (`nacionalidad_id`),
  CONSTRAINT `fk_participantes_ciudades` FOREIGN KEY (`ciudad_id`) REFERENCES `ciudades` (`id`),
  CONSTRAINT `fk_participantes_paises` FOREIGN KEY (`nacionalidad_id`) REFERENCES `paises` (`id`)
) ENGINE=InnoDB AUTO_INCREMENT=1131 DEFAULT CHARSET=utf8mb4 COLLATE=utf8mb4_0900_ai_ci;
/*!40101 SET character_set_client = @saved_cs_client */;

--
-- Dumping data for table `participantes`
--

LOCK TABLES `participantes` WRITE;
/*!40000 ALTER TABLE `participantes` DISABLE KEYS */;
INSERT INTO `participantes` VALUES (1,'22308450','M','Cristián Marcelo','Gallo','1971-10-06','Diario La Capital','Marina Morzan','+44 341 486-8146','OSPRO/DASUTEN',NULL,270,10,'+44 341 486-8146'),(6,'24267819','F','Laura','Acosta','1974-08-22','diario la capital','dario','+44 341 444-0696','ospro',NULL,270,10,'+44 341 444-0696'),(7,'20962096','F','valeria','pereyra','1968-11-22',NULL,'v','+44 341 690-9933','ospro',NULL,270,10,'+44 341 690-9933'),(8,'28829507','M','Lisandro','Machain','1980-12-14','La Capital','Maia','+44 341 363-3333','Buenísima',NULL,270,10,'+44 341 363-3333'),(9,'27768543','F','Maria Ines','Cafferata','1979-06-13','no','Rodrigo','+44 341 691-4839','urgencias 351111',NULL,270,10,'+44 341 691-4839'),(10,'20381099','F','Verónica','Sciascia','1968-05-25','Diario La Capital','Lidia Rodríguez','+44 341 393-9933','URG',NULL,270,10,'+44 341 393-9933'),(11,'26736904','M','Guillermo','Zysman','1978-01-16','LT8','Micaela','+44 341 496-4949','Ospro',NULL,270,10,'+44 341 496-4949'),(12,'29579130','M','Diego Jorge','Fanara Scuderi','1981-11-23','L&A Team','Juan Fanara','+44 341 613-3343','Ospro',NULL,270,10,'+44 341 613-3343'),(13,'34101030','M','Diego','Espinosa','1988-11-06',NULL,'Hugo Espinosa','+44 341 403-0839','IPAM',NULL,270,10,'+44 341 403-0839'),(14,'27393730','M','Martin','Prez','1979-07-24','Pilay','Agustina Battilana','+44 341 669-9490','Avalian',NULL,270,10,'+44 341 669-9490'),(15,'30627594','F','Florencia','Fignoni','1983-11-02','Pilay SA.','Facundo Lluch','+44 341 431-8030','Swiss Medical',NULL,270,10,'+44 341 431-8030'),(16,'33154256','F','Maria Emilia','Alba','1986-11-14','PILAY SA','Monica Gonzalez','+44 341 698-3898','esencial',NULL,270,10,'+44 341 698-3898'),(17,'26492866','F','AGUSTINA LORENA','BATTILANA','1978-03-24','PILAY S.A.','LUIS BATTILANA','+44 341 643-9449','AVALIAN',NULL,270,10,'+44 341 643-9449'),(18,'30207125','M','Iván','Coronel','1983-04-03','Pilay S.A.','Norma Melendez','+44 341 414-6936','Omint',NULL,270,10,'+44 341 414-6936'),(19,'21414788','M','carlos daniel','maglier','1969-06-02','ninguna','fabiana arevalo','+44 3441 68-9149','APROSS',NULL,327,10,'+44 3441 68-9149'),(20,'29818728','M','Esteban','Ameriso','1982-11-24',NULL,'Marcela Ruiz','+44 341 693-9489','Swiss Medical',NULL,270,10,'+44 341 693-9489'),(21,'21717427','F','maria cecilia','poy','1970-01-06',NULL,'horacio destito','+44 341 403-8843','urgencias',NULL,270,10,'+44 341 403-8843'),(22,'16448952','M','Juan José','Asborno','1963-05-16',NULL,'Marisa Tartarelli','+44 3436 44-9063','Swiss medical',NULL,26511,10,'+44 3436 44-9063'),(23,'32209648','M','Luciano','De las aguas','1986-01-19','No','Mabel','+44 341 663-3406','Oeste',NULL,270,10,'+44 341 663-3406'),(24,'33614548','M','Juan Pablo','Vallejos','1987-07-24',NULL,'Dora Corvalan','+44 341 630-8310','Construir Salud',NULL,270,10,'+44 341 630-8310'),(25,'27405361','F','Natalia','Franchini','1978-10-12','Running Cap','Luis','+44 341 310-9933','Ima salud',NULL,270,10,'+44 341 310-9933'),(26,'34058172','M','Maximiliano Alexis','Quintana','1988-07-15',NULL,'Rocio Grela','+44 341 444-6080','Prevención Salud',NULL,270,10,'+44 341 444-6080'),(27,'38295571','F','sofia','lamboglia','1994-07-19','no','maria del carmen lago y perez','+44 341 669-9311','iapos',NULL,270,10,'+44 341 669-9311'),(28,'24118779','M','Gabriel','Rios','1973-12-04',NULL,'Liliana','+44 341 489-4888','Federada',NULL,270,10,'+44 341 489-4888'),(29,'28646789','F','María Cecilia','Merlo','1981-05-05',NULL,'Sebastián Szama','+44 341 693-3630','Esencial',NULL,270,10,'+44 341 693-3630'),(30,'33917167','M','Gustavo','Avalos','1988-09-20','Club atletico union','Oscar','+44 343 409-9804','No',NULL,251,10,'+44 343 409-9804'),(31,'25528217','F','Laura Flavia','DAngelo','1976-01-30',NULL,'Fernando Vergara','+44 341 496-4136','Iapos',NULL,270,10,'+44 341 496-4136'),(32,'27388196','M','Diego Daniel','Rodríguez','1979-01-29',NULL,'Silvana lencinas','+44 341 683-8930','Iapos',NULL,270,10,'+44 341 683-8930'),(33,'28807267','F','Daniela Andrea','Falaschi','1981-03-13',NULL,'Agustín','+44 341 366-9943','Medife',NULL,270,10,'+44 341 366-9943'),(34,'25180827','M','MAURICIO GERMAN','Sakvadeo','1976-05-11',NULL,'Romina chuappa','+44 341 339-4190','Iapos',NULL,26513,10,'+44 341 339-4190'),(35,'32776042','M','Ezequiel','s','1986-01-18',NULL,'agustina','+44 341 331-9396','iapos',NULL,270,10,'+44 341 331-9396'),(36,'35733173','F','Estefania','Garay','1991-06-08',NULL,'Mama claudia','+44 343 431-6414','Iosper',NULL,234,10,'+44 343 431-6414'),(37,'32051714','M','Nicolas','Frutos','1985-06-26',NULL,'Marcelo frutos','+44 341 609-9109','Iapos',NULL,270,10,'+44 341 609-9109'),(38,'14847432','M','Carlos','Torres','1961-04-01',NULL,'Marisa Mezzabotta','+44 3464 44-6094','iapos',NULL,315,10,'+44 3464 44-6094'),(39,'38807797','M','Cristian','Cisneros','1992-05-04',NULL,'Maria','+44 341 639-4304','Cetia',NULL,270,10,'+44 341 639-4304'),(40,'31609584','M','Edgardo','Vitola','1981-04-03',NULL,'Omar vitola','+44 341 613-3939','Esencial',NULL,270,10,'+44 341 613-3939'),(41,'26546327','M','Javier','Abiad','1978-02-24',NULL,'Georgina','+44 341 431-1614','osde',NULL,270,10,'+44 341 431-1614'),(42,'32737484','F','Vanesa','Ferreyra','1986-12-15','No','Javier','+44 341 641-4331','No',NULL,307,10,'+44 341 641-4331'),(43,'18844139','M','GUSTAVO','MILLANO','1962-01-23','CM TEAM','GABRIELA FERRANTI','+44 341 449-6304','FEDERADA SALUD',NULL,270,10,'+44 341 449-6304'),(44,'25507950','F','Ana','Celebroni','1976-02-02',NULL,'Pablo Quagliani','+44 341 346-4403','Medife',NULL,307,10,'+44 341 346-4403'),(45,'24719655','M','Gustavo','Mercado','1975-09-27',NULL,'Rosa Isabel mugas','+44 341 339-6491','Guon',NULL,270,10,'+44 341 339-6491'),(46,'44181727','M','Lucas','Paladini','2002-01-27',NULL,'Claudia','+44 341 488-3333','Oeste',NULL,26511,10,'+44 341 488-3333'),(47,'24343506','F','gabriela','Escobedo','1975-01-22',NULL,'Raul Bejarano','+44 341 419-4930','IAPOS',NULL,270,10,'+44 341 419-4930'),(48,'26123605','F','Natalia','Grossetti','1977-03-10',NULL,'Ariel cos','+44 341 496-0361','Osde',NULL,270,10,'+44 341 496-0361'),(49,'29231221','F','Maria Beronica','Sandoval','1981-05-10','No','Gabriel','+44 341 496-9363','No',NULL,270,10,'+44 341 496-9363'),(50,'37720728','F','Joana','Obregón','1992-11-07',NULL,'Roxana Avellaneda','+44 341 448-3613','Esencial',NULL,270,10,'+44 341 448-3613'),(51,'32072090','M','Walter','Gutierrez','1985-02-21',NULL,'Angeles','+44 341 444-6396','Escencial',NULL,270,10,'+44 341 444-6396'),(52,'24274250','M','Julio Cesar','Sanchez','1975-01-07','No','Guillermo adad','+44 341 301-3414','Bobertura publica',NULL,26443,10,'+44 341 301-3414'),(53,'23851221','F','Patricia','Albornoz','1974-03-09','No','Corvoisier nestor','+44 3436 48-4916','Iosper',NULL,234,10,'+44 3436 48-4916'),(54,'35782963','M','Alain Cristian','Soso Ferrer','1991-01-11',NULL,'Cecilia Ferrer','+44 341 643-4498','Andar',NULL,270,10,'+44 341 643-4498'),(55,'38278032','M','Eduardo','Castellano','1993-11-28',NULL,'Maria','+44 341 494-4433','.',NULL,251,10,'+44 341 494-4433'),(56,'33572658','F','Noemi','Perez','1987-10-31','Club atlético provincial','Mabel','+44 341 349-9468','Más osdop',NULL,270,10,'+44 341 349-9468'),(57,'39227003','M','Marcelo','Barrozo','1995-02-28',NULL,'Carla Montesanto','+44 341 349-6949','Iapos',NULL,54040,10,'+44 341 349-6949'),(58,'16262165','F','María de los Ángeles','Merello','1962-09-29','Corre General Rojo','Ricardo','+44 336 430-8998','IOMA',NULL,256,10,'+44 336 430-8998'),(59,'22769196','F','Fabiana Andrea','Rijo','1972-02-20','ATENAS RUNNING TEAM','Pablo Gabriel Cardoso','+44 3464 63-9933','SMAI EPE',NULL,270,10,'+44 3464 63-9933'),(60,'25198951','M','Ariel','Meoli','1975-06-02',NULL,'Karina','+44 341 449-6404','Galeno Oro',NULL,270,10,'+44 341 449-6404'),(61,'14689202','M','WALTER HORACIO','NARDELLI','1962-02-15',NULL,'Claudia Lorenzini','+44 3483 41-3938','Ciencias Economicas',NULL,164,10,'+44 3483 41-3938'),(62,'21975957','M','Christian Daniel','Baserga','1970-11-10',NULL,'Juliana','+44 341 440-3001','Galeno',NULL,270,10,'+44 341 440-3001'),(63,'45602435','F','Aylen','Borri','2004-01-30',NULL,'Veronica','+44 341 669-1004','Saludable',NULL,270,10,'+44 341 669-1004'),(64,'45189076','M','Nicolas','Gimenez','2003-05-29','Sarmiento','Stella','+44 341 611-8143','Obra social',NULL,270,10,'+44 341 611-8143'),(65,'17906281','F','Beatriz','Di Paolo','1965-06-18','NO','Monica Mendoza','+44 3491 43-8393','IAPOS',NULL,26553,10,'+44 3491 43-8393'),(66,'33780942','M','Leandro','Buso','1987-11-30',NULL,'Maria Julia','+44 341 303-3643','Swiss medical',NULL,270,10,'+44 341 303-3643'),(67,'22974268','M','Cristian','Luque tello','1972-12-03','Asociación civil salta 2141','Mariana','+44 341 918-6393','Ribera salud',NULL,270,10,'+44 341 918-6393'),(68,'30074452','F','LUCILA','ALORAA','1982-06-29','Rosario Team','Mailen Aloras','+44 341 490-1681','AMR SaLud',NULL,270,10,'+44 341 490-1681'),(69,'20797648','M','Jorge ricardo','Duran','1969-04-09','No','Acosta silvia','+44 336 419-4114','Ioma',NULL,256,10,'+44 336 419-4114'),(70,'23024585','M','Luciano','Meritano','1972-11-27','Rosario Team','Evelyn','+44 341 696-3930','Esencial',NULL,270,10,'+44 341 696-3930'),(71,'25699523','F','Andrea','Mantello','1976-11-08',NULL,'Maximiliano','+44 341 610-4363','Mutualyf',NULL,270,10,'+44 341 610-4363'),(72,'27710873','F','Gisela','Payero','1979-10-18','No','Mauricio','+44 341 643-4839','Sancor',NULL,270,10,'+44 341 643-4839'),(73,'33843733','M','Leandro','Recalde','1988-01-16',NULL,'Natalia Panero','+44 341 360-1989','Swiss Medical',NULL,270,10,'+44 341 360-1989'),(74,'30693138','M','Esteban','Baumberger','1984-01-21',NULL,'Giuliana','+44 341 394-9413','Avalian',NULL,270,10,'+44 341 394-9413'),(75,'17723111','F','Monica Beatriz','Mendoza','1965-06-21','no','Capomagi Francisco','+44 9 3491 63-4831','Federada Salud plan 2000',NULL,26553,10,'+44 9 3491 63-4831'),(76,'20528401','F','María Alejandra','Mena','1968-04-10','Rosario Team','Marcelo Bianchi','+44 341 616-4493','Ocecac',NULL,270,10,'+44 341 616-4493'),(77,'34712291','F','Alejandra','Batalles','1989-06-07',NULL,'Juan bolinaga','+44 341 391-3040','Jerárquicos salud',NULL,303,10,'+44 341 391-3040'),(78,'28165277','M','Mariano Oscar','Melendez','1980-01-10',NULL,'Fabiana Barrera','+44 3403 49-0430','OSDE',NULL,308,10,'+44 3403 49-0430'),(79,'24723929','M','Hugo','Capdevilla','1968-10-11','No','Jorgelina Morelli','+44 341 464-0490','Osdop',NULL,270,10,'+44 341 464-0490'),(80,'27749968','F','Maria Soledad','Galvan','1978-12-16','CM RUNNING','Oeste','+44 341 311-3011','Iapos',NULL,270,10,'+44 341 311-3011'),(81,'14901753','M','Jorge Alberto','Lazzarutti','1962-09-27',NULL,'Adriana Lazzarutti','+44 9 341 634-9993','AVALIAN',NULL,307,10,'+44 9 341 634-9993'),(82,'28235989','F','Raquel','Moreyra','1980-06-08','Gym full granadero baigorria','Angel','+44 341 604-3993','Construir salud',NULL,307,10,'+44 341 604-3993'),(83,'32489476','M','Juan Ignacio','Bolinaga','1985-11-13',NULL,'Alejandra Batalles','+44 341 648-9349','Jerarquicos Salud',NULL,270,10,'+44 341 648-9349'),(84,'24499177','F','Laura','Sciasci','1975-07-06','Morenoteam','Gonzalo Matias','+44 341 343-4338','Jerárquicos salud',NULL,270,10,'+44 341 343-4338'),(85,'30023380','M','Lucas','Cionco','1982-12-27',NULL,'Carolina  Testa','+44 336 464-9303','Galeno',NULL,229,10,'+44 336 464-9303'),(86,'18349854','F','Silvia','Maltaneres','1967-05-12','No','Eduardo','+44 341 681-6913','Iapos',NULL,270,10,'+44 341 681-6913'),(87,'23293415','F','Verónica','Cáceres','1972-11-01','Ninguna','Jorge Retondaro','+44 341 343-4914','Iapos',NULL,270,10,'+44 341 343-4914'),(88,'25857482','F','Romina','Navarro','1976-10-14','Atenas','Mariano Garibaldi','+44 341 644-8334','Iapos',NULL,270,10,'+44 341 644-8334'),(89,'29634264','M','Gustavo','Donayo','1982-01-16',NULL,'Ortensia','+44 341 439-4630','Jerarquicos salud',NULL,270,10,'+44 341 439-4630'),(90,'41571537','M','Adriel','Ramirez','1998-09-18',NULL,'Ale','+44 341 496-3346','Ciba',NULL,270,10,'+44 341 496-3346'),(91,'26104782','M','Ricardo','Villar','1977-06-09',NULL,'Cristian Ivaldi','+44 341 434-1198','Camioneros primero',NULL,270,10,'+44 341 434-1198'),(92,'16539344','M','manuel','Lucero','1963-07-23',NULL,'Santiago Lucero','+44 9 341 339-3338','Federada Salud',NULL,309,10,'+44 9 341 339-3338'),(93,'27810842','F','Luisina','Viletto','1979-07-20',NULL,'Albano','+44 9 341 669-9383','Swiss Medical',NULL,270,10,'+44 9 341 669-9383'),(94,'26373927','F','Virginia','Caballero','1977-05-16','L&A Teams','Javier Costoya','+44 341 443-1031','swiss Medical',NULL,270,10,'+44 341 443-1031'),(95,'40157824','M','Lucas','González','1996-07-19',NULL,'Eugenia Vazque','+44 341 338-9440','Plenit',NULL,270,10,'+44 341 338-9440'),(96,'30850015','F','Maria Nieves','Rodriguez','1983-11-01','club provincial','Enrico DAngelo','+44 341 491-3300','swiss medical',NULL,270,10,'+44 341 491-3300'),(97,'20637312','M','EDUARDO ANGEL','DELGADO','1968-11-10','LOS DEL URQUIZA','Ana Delgado','+44 341 669-4996','SANCOR SALUD',NULL,270,10,'+44 341 669-4996'),(98,'23057152','F','CLAUDIA MARCELA','LORENZINI','1972-04-22',NULL,'WALTER NARDELLI','+44 3483 49-3600','IAPOS',NULL,164,10,'+44 3483 49-3600'),(99,'24835758','M','Alejandro','Milesi','1976-04-15',NULL,'jesica','+44 3400 66-3439','si',NULL,229,10,'+44 3400 66-3439'),(100,'22621711','F','Maricel','Corna','1971-03-17',NULL,'franco zurita barbosa','+44 341 333-3194','iapos',NULL,26511,10,'+44 341 333-3194'),(101,'27694050','M','Hernán','Ros','1979-05-07',NULL,'Silvina','+44 341 664-4689','Galeno',NULL,270,10,'+44 341 664-4689'),(102,'26129006','M','Ariel','Furrer','1977-08-04',NULL,'ariel','+44 341 404-3483','Swiss medical',NULL,270,10,'+44 341 404-3483'),(103,'25245315','M','Germán','Lanzillotta','1976-06-26',NULL,'Viviana Cordoba','+44 341 333-9099','Iapos',NULL,270,10,'+44 341 333-9099'),(104,'28208812','F','MARIA MAGDALENA','ARELLANO','1979-12-09','Rosario Team','GERMAN PEYRANO','+44 341 399-3441','Cs. economicas',NULL,270,10,'+44 341 399-3441'),(105,'31470114','M','Leonardo Cesar','MASINi CARO','1985-02-10',NULL,'Debora Monzon','+44 341 669-4490','Salud pública',NULL,270,10,'+44 341 669-4490'),(106,'25540222','M','Daniel alejandro','SCHIAVETTA','1976-06-04','No','Carlos schiavetta','+44 341 444-8940','Caja forense',NULL,270,10,'+44 341 444-8940'),(107,'17078124','F','MARISELDA','ABBONDANZIERI','1964-03-28',NULL,'OSCAR ROCHA','+44 3491 43-4416','OSFATLYF',NULL,26473,10,'+44 3491 43-4416'),(108,'16990487','M','Roberto Pablo','Martínez','1963-09-26',NULL,'Silvia giacca','+44 341 481-1849','+osdop',NULL,270,10,'+44 341 481-1849'),(109,'16329208','M','MARIO OSVALDO','BRESSANO','1963-03-27',NULL,'MONICA GRACIELA FONTAN','+44 341 440-0449','OSDE',NULL,270,10,'+44 341 440-0449'),(110,'29261533','F','Nadia','Ruiz','1981-05-12',NULL,'Daniel','+44 341 319-4683','Medife',NULL,270,10,'+44 341 319-4683'),(111,'34171333','M','Lucas','Fernández','1988-10-02',NULL,'Victoria','+44 341 484-4819','Iapos',NULL,270,10,'+44 341 484-4819'),(112,'13699778','M','Jose Luis','Llanos','1959-06-03',NULL,'Graciela Fernandez','+44 341 364-6484','GALENO',NULL,330,10,'+44 341 364-6484'),(113,'22443247','F','Victoria','Arrabal','1971-06-01',NULL,'Eduardo Arrabal','+44 341 331-1909','OSUNR',NULL,270,10,'+44 341 331-1909'),(114,'27107189','F','Andrea','Bertora','1979-01-28',NULL,'Andrea Bertora','+44 341 618-3339','Urgencias',NULL,270,10,'+44 341 618-3339'),(115,'37299722','F','Ruth','Retamoso','1993-07-14','No','Sandro Acosta','+44 3464 44-0140','Ninguna',NULL,53970,10,'+44 3464 44-0140'),(116,'93544240','M','Efrain','Gonzales flores','1972-04-21','No','Ivon rojas','+44 341 334-4446','Atrás salud',NULL,270,175,'+44 341 334-4446'),(117,'34495871','F','Tamara','Martinez','1986-03-24',NULL,'Tamara','+44 341 334-3441','Somu',NULL,270,10,'+44 341 334-3441'),(118,'27786034','F','Eliana','Paglialunga','1980-10-14',NULL,'Ignacio','+44 341 341-3600','Swiss Medical',NULL,26443,10,'+44 341 341-3600'),(119,'16801276','M','ARIEL ALBERTO','GONZALEZ','1963-07-08','NO','ADRIAN GONZALEZ','+44 341 493-6903','OSDE',NULL,270,10,'+44 341 493-6903'),(120,'27577488','F','Jésica Natalia','Pérez','1979-07-17',NULL,'Paula Verónica Pérez','+44 3403 69-4940','Iosfa sanatorio Británico/ grupo oroño',NULL,270,10,'+44 3403 69-4940'),(121,'22562361','F','CARINA','Baccifava','1972-01-14',NULL,'Gino Ferrara','+44 3491 48-4396','Alianza Medica',NULL,346,10,'+44 3491 48-4396'),(122,'23286521','F','Cecilia','Santillan','1972-11-12','No','Sala Sergio','+44 3491 69-8340','Jerarquicos',NULL,346,10,'+44 3491 69-8340'),(123,'26171122','F','giselle','maciewicz','1977-02-28','24hour running group','ema velazquez','+44 341 641-9340','iapos',NULL,270,10,'+44 341 641-9340'),(124,'36906793','F','Antonela','Acosta','1992-01-06',NULL,'Rodrigo Cruzado','+44 341 303-8919','Swiss medical',NULL,270,10,'+44 341 303-8919'),(125,'18700629','F','Alejandra','Fabri','1967-09-24','Cilsa','Antonella Tedeschini','+44 341 334-4993','Oeste',NULL,270,10,'+44 341 334-4993'),(126,'33963865','F','Daniela','LUQUE','1988-12-22',NULL,'Gabriel solis','+44 3491 48-0941','Avalian',NULL,346,10,'+44 3491 48-0941'),(127,'14980810','M','José Luis','Ferrara','1962-07-14','Power run','Carina Baccifava','+44 3491 41-9891','Iapos',NULL,346,10,'+44 3491 41-9891'),(128,'23666229','F','Patricia Teresa','Noguera','1973-08-14','Ninguna','Juan','+44 3491 31-4348','No tengo',NULL,26474,10,'+44 3491 31-4348'),(129,'26746694','M','Hector Gustavo','Bonfiglio','1978-07-03',NULL,'Nadia','+44 341 693-6484','Sancor salud',NULL,270,10,'+44 341 693-6484'),(130,'28220945','F','Andrea Marisa','Arzamendia','1980-02-09','Gym Full','Javier Del Pinto','+44 341 646-1944','Esencial',NULL,307,10,'+44 341 646-1944'),(131,'37875022','M','Federico Nicolás','Correa','1993-04-05',NULL,'Laura oviedo','+44 333 449-3944','Hpc plan ospe',NULL,184,10,'+44 333 449-3944'),(132,'29675922','F','Cecilia','Benítez','1982-01-08','Jm corredores','Diego','+44 333 499-9693','No tengo',NULL,184,10,'+44 333 499-9693'),(133,'22231516','M','Fernando','Marvulli','1971-11-26','La base','Constanza','+44 341 363-8348','Iapos',NULL,54040,10,'+44 341 363-8348'),(134,'21866198','M','LUIS Alberto','SANTILLAN','1971-01-31',NULL,'Mariela Lescano','+44 3491 49-0939','IAPOS',NULL,346,10,'+44 3491 49-0939'),(135,'20576318','F','Claudia Mariana','Armua Mateos','1968-07-14','no','Angie','+44 9 341 643-4034','Caja de Ingenieros',NULL,270,10,'+44 9 341 643-4034'),(136,'30829471','M','Darío','Jiménez','1984-02-03',NULL,'Estela Maris Gordillo','+44 341 381-6134','Osde',NULL,345,10,'+44 341 381-6134'),(137,'45013510','M','Ariel','Almada','2004-02-07',NULL,'Ariel Almada','+44 341 310-6933','Pami',NULL,345,10,'+44 341 310-6933'),(138,'30863083','M','Martin','Domenech','1984-04-14',NULL,'Milagros','+44 3409 40-9644','Swiss medical',NULL,54074,10,'+44 3409 40-9644'),(139,'17911473','M','Marcelo','Colella','1966-11-14','no','roxana grondona','+44 341 466-8446','iapos',NULL,270,10,'+44 341 466-8446'),(140,'24482645','M','Hugo','Alvarez','1975-02-26','No','Carla Ledesma','+44 341 644-9809','Iapos',NULL,270,10,'+44 341 644-9809'),(141,'16932680','M','Hugo','Bonfietti','1964-06-28','Comuna de Barrancas','Nora','+44 3466 40-4194','Opecom',NULL,26516,10,'+44 3466 40-4194'),(142,'32701040','M','Mateo','Scrimaglio','1986-10-16','No','María Eugenia','+44 341 434-3036','Osdop',NULL,270,10,'+44 341 434-3036'),(143,'24163828','M','Fabian','Guidacci','1974-01-04',NULL,'Lorena Muñoz','+44 341 489-3943','IAPOS',NULL,270,10,'+44 341 489-3943'),(144,'26845593','M','Alfredo','Muñoz','1977-11-17',NULL,'Maria','+44 341 449-4944','Osdop',NULL,270,10,'+44 341 449-4944'),(145,'12026047','M','Andres','Sanchez','1955-07-02',NULL,'Andres estigarribia','+44 11 4909-8141','pami',NULL,211,10,'+44 11 4909-8141'),(146,'33741785','F','Claudia G','Boccio','1988-02-07','Gym Full','Maximiliano  Del Pinto','+44 341 444-3099','Esencial',NULL,307,10,'+44 341 444-3099'),(147,'28292366','M','Alberto','Batista','1979-12-22',NULL,'Celina','+44 341 694-0484','Federada',NULL,270,10,'+44 341 694-0484'),(148,'27436104','M','dario rafael','carrizo','1978-12-18','Boreligroup','Celeste soledad','+44 333 499-3099','Jerárquicos salud',NULL,184,10,'+44 333 499-3099'),(149,'17469240','F','Viviana','Sebben','1964-11-04',NULL,'Adriana Sebben','+44 341 314-8930','CUD',NULL,270,10,'+44 341 314-8930'),(150,'31983765','M','David','Romero','1985-09-24',NULL,'Sabrina','+44 341 339-3401','Iapos',NULL,270,10,'+44 341 339-3401'),(151,'37698737','M','Felipe','Zelaya Faccioli','1993-12-08',NULL,'Lara Monzón','+44 336 403-4498','Apto físico',NULL,270,10,'+44 336 403-4498'),(152,'28309517','M','Fernando','Bustos','1980-05-27','Ninguna','Valeria','+44 341 693-9949','Iapos',NULL,270,10,'+44 341 693-9949'),(153,'20837578','M','Juan Carlos','Gutiérrez','1969-08-24',NULL,'Denise','+44 341 393-9493','Económicas salud',NULL,270,10,'+44 341 393-9493'),(154,'24188101','M','Hernan','Molina','1974-06-23','No','Sonia Molina','+44 336 433-0498','Si',NULL,256,10,'+44 336 433-0498'),(155,'20681918','F','Carina','Gonzalez','1968-03-20',NULL,'Daniel','+44 341 460-3330','Jerárquicos salud',NULL,270,10,'+44 341 460-3330'),(156,'28365326','F','Mirna Elisabet','Cogno','1980-03-01','Natural run','Nelson Wujkiw','+44 3496 48-3498','Jerárquicos salud',NULL,54040,10,'+44 3496 48-3498'),(157,'18191440','F','Alejandra','Suárez','1966-06-21','Natural Run','Melina Pizarro','+44 3496 69-9310','Particular',NULL,54040,10,'+44 3496 69-9310'),(158,'29363232','M','Alfredo Matias','Correa','1982-01-23',NULL,'Gómez Albano Eliana','+44 341 643-0909','Iapos',NULL,270,10,'+44 341 643-0909'),(159,'18176086','F','Sandra','Villa','1966-10-18',NULL,'Cristián','+44 341 668-3883','Iapos',NULL,270,10,'+44 341 668-3883'),(160,'26145801','F','Yolanda susana','Pereyra','1977-01-16','No','Moreno David','+44 3496 40-8694','No',NULL,54040,10,'+44 3496 40-8694'),(161,'29277569','F','Luciana','Entrada','1981-03-17',NULL,'Silvina Galleano','+44 341 486-9346','ECCO',NULL,270,10,'+44 341 486-9346'),(162,'25380495','F','Laura','Miño','1976-01-04','Rosarioteam','Zupel jose luis','+44 341 401-3948','Osde 310',NULL,270,10,'+44 341 401-3948'),(163,'25344417','M','David','Moreno','1976-01-30','No','Yolanda pereyra','+44 3496 40-8694','Si',NULL,54040,10,'+44 3496 40-8694'),(164,'39259305','M','lucas martin','scariot','1996-01-26','NO','rocio scariot','+44 344 409-4496','osde 310',NULL,270,10,'+44 344 409-4496'),(165,'32863400','M','fabricio gonzalo','bruschini','1986-12-30',NULL,'hugo bruschini','+44 341 391-9638','esencial',NULL,270,10,'+44 341 391-9638'),(166,'16423799','F','Nora Graciela','Martelli','1963-09-01','No','Cecilia Perretta','+44 341 349-4639','Urg',NULL,270,10,'+44 341 349-4639'),(167,'16687442','M','Edgardo Norberto','Taraborrelli','1964-09-26','no','Mirta Monges','+44 341 444-8883','Ospaga plan blanco/ URG Emergencias plan empresas',NULL,286,10,'+44 341 444-8883'),(168,'22897714','M','Octavio','Gualtieri','1972-06-08',NULL,'Lorena Garcia','+44 341 640-4463','OSDE',NULL,286,10,'+44 341 640-4463'),(169,'31241250','M','Agustin','Barbarbach','1984-08-26',NULL,'AGUSTINA BACCI','+44 341 443-3303','OSDE',NULL,270,10,'+44 341 443-3303'),(170,'14506123','M','Osvaldo','castellani','1961-03-04','Rosariocalleypista','Marcela','+44 3496 60-3493','IOSFA',NULL,26513,10,'+44 3496 60-3493'),(171,'17866844','M','Adrián hugo','Dure','1966-05-26','No','Lorena ganem','+44 341 344-8944','Delta',NULL,286,10,'+44 341 344-8944'),(172,'34249272','M','Gonzalo','Leiva','1988-07-25',NULL,'Cecilia medina','+44 341 393-8630','Essencial',NULL,270,10,'+44 341 393-8630'),(173,'30416940','M','Eduardo Ezequiel','Delgado','1983-10-22',NULL,'Natalia Bonavia','+44 3493 43-4934','Osecac',NULL,295,10,'+44 3493 43-4934'),(174,'27331439','F','Daniela','Cuevas','1979-01-16',NULL,'Daniel Saez','+44 341 611-8499','Iapos',NULL,270,10,'+44 341 611-8499'),(175,'24011540','M','Leandro','Kil','1974-05-01',NULL,'Romina','+44 341 444-1963','Arte de curar',NULL,270,10,'+44 341 444-1963'),(176,'22481035','M','Cristiån','Morano','1972-01-15',NULL,'Patricia','+44 9 341 693-8389','Prevención salud',NULL,54040,10,'+44 9 341 693-8389'),(177,'23693593','F','Romina Vanesa','Krawczyk','1973-09-13','Rosario Team','Leandro','+44 341 444-1438','Ospac',NULL,270,10,'+44 341 444-1438'),(178,'12698748','M','Hugo','Ferrari','1956-06-22','AMARO','Ezequiel Borella','+44 341 603-3408','IPAM',NULL,270,10,'+44 341 603-3408'),(179,'26639392','F','Laura Cristina','Agnese','1979-03-02','Armonía gim','PABLO COGLIATI','+44 3464 68-3818','UomRa',NULL,343,10,'+44 3464 68-3818'),(180,'15005335','M','Raul','Bianchi','1961-08-30','No','Adriana Yasci','+44 341 616-0106','Avalian',NULL,270,10,'+44 341 616-0106'),(181,'17459293','M','Jose Angel Jesus','MIniello','1964-11-10',NULL,'maria fernanda losada','+44 341 644-3843','swiss medical',NULL,26511,10,'+44 341 644-3843'),(182,'24310251','M','FERNANDO LUIS','ZARATE','1973-12-25',NULL,'MARINA COLAZO','+44 3403 44-9934','CAJA FORENSE',NULL,351,10,'+44 3403 44-9934'),(183,'20700103','F','Daniela','Caporale','1969-03-15','Natural run','Elvio','+44 3496 48-9194','Iosfa',NULL,54040,10,'+44 3496 48-9194'),(184,'27602349','F','Cintia','Pardellas','1979-07-26',NULL,'Cintia','+44 341 693-6640','Sancor Salud',NULL,270,10,'+44 341 693-6640'),(185,'19146627','M','alejandro adrian','fuhr','1967-10-16',NULL,'debora','+44 341 693-4040','0sde 210',NULL,270,10,'+44 341 693-4040'),(186,'33023498','F','Melisa Andrea','Intelisano','1987-02-06','Cronos Atletismo','Analía Nancy Maritano','+44 341 694-9439','Sorbyl',NULL,270,10,'+44 341 694-9439'),(187,'24328969','M','Pablo','Bernal','1974-04-15','Circuitos Running Rosario','Mariana Rivero','+44 341 660-6098','Sin',NULL,270,10,'+44 341 660-6098'),(188,'29233559','M','Pablo','Bordino','1981-11-14',NULL,'CATIA TOGNINI','+44 341 384-1943','Medife',NULL,270,10,'+44 341 384-1943'),(189,'36217356','M','FEDERICO IGNACIO','CLERICI','1991-04-15','Pilay S.A.','MARIANA DUTRY','+44 341 604-4313','SANCOR SALUD',NULL,270,10,'+44 341 604-4313'),(190,'20447021','F','Esther','Quinteros','1968-07-20','no','joel','+44 341 600-4306','iapos',NULL,270,10,'+44 341 600-4306'),(191,'22207827','F','SILVIA','Noemi Sanchez','1971-08-19','rosario team merrell','marta isla','+44 11 4604-9413','osde',NULL,270,10,'+44 11 4604-9413'),(192,'21648884','M','ARTURO','MARCHESI','1970-05-28',NULL,'MAYRA LABORDE','+44 341 448-3344','CAJA FORENSE',NULL,270,10,'+44 341 448-3344'),(193,'13687655','M','Carlos Alberto','Panzeri','1959-05-23','no','Daniela Luciani','+44 341 699-1196','urgencias',NULL,270,10,'+44 341 699-1196'),(194,'21667924','F','Daniela Diana','Giromini','1970-04-01','no','Adrián Rodolfo Forneris','+44 341 363-3894','CAJA FORENSE- EMERGER',NULL,270,10,'+44 341 363-3894'),(195,'33588636','F','Judith','Mateo','1988-07-22',NULL,'Leonardo','+44 341 403-0143','Esencial',NULL,270,10,'+44 341 403-0143'),(196,'22468373','M','Fernando','Machuca','1971-01-14','No','Angie','+44 341 346-9331','Esencial',NULL,286,10,'+44 341 346-9331'),(197,'351466101','M','Leonardo','Fernández','1990-02-20',NULL,'Judith','+44 341 399-0091','Esencial',NULL,270,10,'+44 341 399-0091'),(198,'29908526','F','Valeria','Reggiardo','1982-12-27',NULL,'Fabián rucco','+44 341 486-0386','Unr',NULL,270,10,'+44 341 486-0386'),(199,'32219771','F','manuela','cobe','1986-02-15',NULL,'fabian rucco','+44 341 486-0386','osde',NULL,270,10,'+44 341 486-0386'),(200,'32863458','F','Pamela','Berti','1986-04-04','No','Yanina quirico','+44 341 398-1100','Emerger',NULL,251,10,'+44 341 398-1100'),(201,'18467908','M','luis','ferreyra','1967-05-22',NULL,'MARIA ESTER RISOGLIO','+44 341 690-4836','OSDE',NULL,26443,10,'+44 341 690-4836'),(202,'18230507','M','Walter','Lencina','1967-04-08',NULL,'Veronica','+44 341 699-3131','Osde',NULL,270,10,'+44 341 699-3131'),(203,'30196864','F','Lucrecia','Nardi','1983-03-23',NULL,'Daniela','+44 341 469-4634','Urgencias',NULL,270,10,'+44 341 469-4634'),(204,'94420563','M','Shang Yu','Huang','1988-10-15',NULL,'Mei Ting Chen','+44 341 639-8336','Swiss medical',NULL,270,229,'+44 341 639-8336'),(205,'23486081','M','Pablo','Barcelo','1973-03-05',NULL,'Natalia','+44 341 403-1013','Caja Forense',NULL,26443,10,'+44 341 403-1013'),(206,'30005024','M','Marcial Cruz','Farias','1982-06-18',NULL,'Maria Lopez','+44 341 363-4160','Oseara',NULL,270,10,'+44 341 363-4160'),(207,'29271088','F','Natalia','Perez','1981-07-16','Gimansio Blessing','Dardo Angelini','+44 341 648-9969','Ipam',NULL,270,10,'+44 341 648-9969'),(208,'31523731','M','Cristian','Garcia','1984-12-04','No','Eliana plecito','+44 341 391-1660','Swiss Medical',NULL,251,10,'+44 341 391-1660'),(209,'26729982','M','Maximiliano','Cerquette','1978-07-11',NULL,'Claudia Baro','+44 3464 44-1033','OSDE',NULL,343,10,'+44 3464 44-1033'),(210,'22571129','M','Atilio','Gutierrez','1971-09-17','No','Soledad Fittipaldi','+44 341 484-1300','Iapos',NULL,270,10,'+44 341 484-1300'),(211,'25711776','M','Ricardo Martin','Chirino','1976-08-11',NULL,'Elena Carballo','+44 341 331-4434','Avalian',NULL,270,10,'+44 341 331-4434'),(212,'38289639','M','GASTON','RAMIREZ','1994-02-08',NULL,'RAMIREZ ELVIO OSCAR','+44 336 449-3949','ESENCIAL AR',NULL,229,10,'+44 336 449-3949'),(213,'28035966','M','Lucas','Passadore','1980-02-25',NULL,'Humberto passadore','+44 341 414-6068','SanCor',NULL,270,10,'+44 341 414-6068'),(214,'30603939','M','Mauricio Antonio','Torres','1984-02-27',NULL,'Andrea Bendrihem','+44 341 663-6494','IAPOS',NULL,270,10,'+44 341 663-6494'),(215,'30725532','M','Omar alberto','Bellante','1984-03-25',NULL,'Agustín Bellante','+44 3468 44-3168','Si',NULL,26409,10,'+44 3468 44-3168'),(216,'28267227','M','Oscar','Estrada','1980-05-05',NULL,'Bibiana','+44 341 630-3136','Uom',NULL,270,10,'+44 341 630-3136'),(217,'28518544','F','Evelin','Frugoli','1980-04-23',NULL,'Gabriel D\'Angelo','+44 341 469-4190','Swiss Medical',NULL,307,10,'+44 341 469-4190'),(218,'36636571','F','Fabiana','Segovia','1991-04-05','Gym full Baigorria','Edgardo Fernández','+44 341 640-4899','Swiss medical',NULL,307,10,'+44 341 640-4899'),(219,'32467730','F','Virginia belen','Vigo','1988-04-25','Llusa team','Grosso carlos','+44 336 460-6430','Osamv',NULL,229,10,'+44 336 460-6430'),(220,'20317496','M','Carlos','Volk','1968-07-05',NULL,'Osvaldo Bravo','+44 9 341 394-3680','URG Urgencias',NULL,270,10,'+44 9 341 394-3680'),(221,'26549821','F','Vanina','Gallardo','1977-07-19','No','Emanuel','+44 341 383-4040','Ecco',NULL,270,10,'+44 341 383-4040'),(222,'27205837','F','Alin','Fermo','1978-10-12',NULL,'Ariel','+44 341 400-9444','Swiss Medical',NULL,270,10,'+44 341 400-9444'),(223,'13626769','M','EDUARDO JOSE','SANFILIPPO','1959-06-20','Grupo marcos delforno','Natalia','+44 341 398-1443','Osecac',NULL,270,10,'+44 341 398-1443'),(224,'33060107','F','Ada Marisel','Valdez','1986-12-11','Gimnasio Armonia','Diego Vadez','+44 9 3464 69-3048','Prevención salud',NULL,343,10,'+44 9 3464 69-3048'),(225,'29578075','F','CARINA','GIANSERRA','1982-04-04',NULL,'German','+44 341 618-6649','OSPAC',NULL,270,10,'+44 341 618-6649'),(226,'37832799','M','Maximiliano','Ale','1994-05-04',NULL,'Pablo Victor Ale','+44 3464 49-0036','Ospesga',NULL,270,10,'+44 3464 49-0036'),(227,'20395869','M','JUAN PABLO','LUS','1969-04-29',NULL,'FERNANDEZ PAULA','+44 9 341 388-4433','PREVINCA',NULL,270,10,'+44 9 341 388-4433'),(228,'24764557','F','Betiana','Prlender','1975-04-25',NULL,'Alejandro Lopez','+44 9 3464 44-3031','Osde',NULL,343,10,'+44 9 3464 44-3031'),(229,'22732837','M','ARIEL','SEGOVIA','1971-10-12','Vxmas','yanina andrade','+44 341 693-1438','Galeno',NULL,270,10,'+44 341 693-1438'),(230,'16971782','F','Marcela','Rojas','1964-08-24',NULL,'Alicia Rojas','+44 341 336-9499','Galeno Oro',NULL,270,10,'+44 341 336-9499'),(231,'32439359','M','Elio','Ybalo','1985-12-10','Afur','Rocio castelarin','+44 341 684-9999','Osdop',NULL,270,10,'+44 341 684-9999'),(232,'23893663','M','MARTIN','NATALI','1974-06-22','NO','LUCIANA','+44 341 313-6690','GALENO',NULL,270,10,'+44 341 313-6690'),(233,'35840900','F','Anabella','Robaina','1991-03-07',NULL,'Alejandra','+44 341 604-3443','Iapos',NULL,351,10,'+44 341 604-3443'),(234,'24523115','M','JORGE DIEGO','DEMONTY','1974-11-20',NULL,'Patricia Saranitte','+44 9 341 636-4093','OSDOP',NULL,270,10,'+44 9 341 636-4093'),(235,'38908043','F','Paula Gisel','Correa','1994-10-22',NULL,'Graciela Herrera','+44 341 634-1440','Swiss Medical',NULL,270,10,'+44 341 634-1440'),(236,'38361113','F','Rosalia','Machuca','1994-04-10','No','Vane','+44 341 449-3619','Avalian',NULL,270,10,'+44 341 449-3619'),(237,'32059481','M','Germán','Ojeda','1986-01-13','No','Sara','+44 341 490-9690','Osceara',NULL,270,10,'+44 341 490-9690'),(238,'24037862','F','Patricia','Sanchez','1974-05-11','Fullgim','Guillermo','+44 341 664-8303','Iapos',NULL,307,10,'+44 341 664-8303'),(239,'17852650','M','Mario','Sanchez','1966-04-17','No','Arelis López','+44 341 383-1644','Ospsa',NULL,270,10,'+44 341 383-1644'),(240,'27194720','M','Crespo','Alejandro','1978-09-26',NULL,'Erika Gaddi','+44 341 330-3330','Iapos',NULL,270,10,'+44 341 330-3330'),(241,'32328044','M','Nicolás','Aristo','1986-05-08',NULL,'Julieta','+44 341 344-9660','Caja forense',NULL,270,10,'+44 341 344-9660'),(242,'21028023','M','Ruben Leonardo','Arizaga','1969-10-21',NULL,'Morel gladys','+44 336 448-9904','Osap',NULL,229,10,'+44 336 448-9904'),(243,'47028361','F','Martina','Cogliati','2006-02-10','Armonia','Laura agnese','+44 3464 68-3903','UOM',NULL,343,10,'+44 3464 68-3903'),(244,'27405541','M','Federico','Zingarini','1979-03-30',NULL,'Melisa','+44 9 3464 49-0340','AVALIAN',NULL,343,10,'+44 9 3464 49-0340'),(245,'27272558','F','Florencia','Trossero','1979-03-09',NULL,'Emiliano Bozzone','+44 341 398-6331','Galeno',NULL,270,10,'+44 341 398-6331'),(246,'17620095','F','Sandra Raquel','Ramírez','1965-01-25',NULL,'Ricardo','+44 341 409-3930','AMR',NULL,270,10,'+44 341 409-3930'),(247,'30118357','F','Celina','Martin','1982-12-03',NULL,'Gonzalo','+44 341 694-4004','Urgencias',NULL,270,10,'+44 341 694-4004'),(248,'29633560','F','Marilin','Marani','1982-07-13',NULL,'Pablo Biscaldi','+44 9 3464 41-9398','Sancor Salud y Ospac',NULL,343,10,'+44 9 3464 41-9398'),(249,'27187236','M','Pedro Martin','Pascua','1978-11-10',NULL,'Laura','+44 341 483-3338','Iapos',NULL,270,10,'+44 341 483-3338'),(250,'31158045','M','Miguel Angel','Guardo','1984-11-11','Wayra','Elizabeth Aguilera','+44 9 3493 48-3134','Iapos',NULL,278,10,'+44 9 3493 48-3134'),(251,'25497199','M','Ariel','Farias','1976-07-23','NO','Belen Castiglione','+44 341 309-4143','osde',NULL,270,10,'+44 341 309-4143'),(252,'32440938','M','Mauro','Verasaluse','1986-06-17','San cristobal','Carmen Linguante','+44 341 381-9844','Osde 210',NULL,270,10,'+44 341 381-9844'),(253,'33330423','F','Eugenia','Palillo','1987-06-16',NULL,'yo','+44 341 333-0439','Sancor',NULL,270,10,'+44 341 333-0439'),(254,'40962958','M','Leonel Rodrigo','Silvestre','1998-01-29',NULL,'santos silvestre','+44 3884 49-4494','IOSFA',NULL,270,10,'+44 3884 49-4494'),(255,'32509387','M','walter','mattioli','1986-03-27',NULL,'dario mattioli','+44 3464 43-8994','federada salud',NULL,343,10,'+44 3464 43-8994'),(256,'24488642','M','Marcelo','Rischmann Raffin','1974-04-18',NULL,'Virginia Bandeo','+44 9 341 646-4333','Iapos',NULL,270,10,'+44 9 341 646-4333'),(257,'32153568','M','Emiliano','Bunello','1986-04-29','Natural Run','María Cristina Pensa','+44 3496 64-0149','IAPOS',NULL,54040,10,'+44 3496 64-0149'),(258,'29274877','M','Olivier','Luciano','1981-04-14',NULL,'anabela acosta','+44 341 481-0343','Ecco',NULL,270,10,'+44 341 481-0343'),(259,'42728281','M','Lautaro','Luna','2000-04-27',NULL,'Ailen','+44 341 691-4633','Ecco',NULL,270,10,'+44 341 691-4633'),(260,'29183442','F','Erica','Chaparro','1981-10-09',NULL,'Itati Velazquez','+44 341 340-9934','Osde',NULL,270,10,'+44 341 340-9934'),(261,'46069131','F','Valentina','Peñalba','2004-03-20','no','María Mónica Leticia lopez','+44 341 693-9909','andar',NULL,270,10,'+44 341 693-9909'),(262,'25837414','M','Julio Nahuel','Cuenca','1977-05-19',NULL,'Analia','+44 341 444-3040','Británica Salud',NULL,270,10,'+44 341 444-3040'),(263,'20341778','M','Marcelo  Oscar','Burella','1968-02-15',NULL,'Liliana Bonacina','+44 3493 43-0944','Iapos',NULL,278,10,'+44 3493 43-0944'),(264,'24089133','F','Maria belen','Gilardoni','1973-10-26',NULL,'Mía','+44 341 411-9399','Caja forense',NULL,270,10,'+44 341 411-9399'),(265,'24749628','F','eugenia','Cazzoli','1975-04-25',NULL,'Juan Pablo','+44 341 639-0994','Swiss medical',NULL,270,10,'+44 341 639-0994'),(266,'36208504','F','Virginia','Caserio','1991-09-10','Team merrell','Gonzalo','+44 341 463-3498','URG 4351111',NULL,270,10,'+44 341 463-3498'),(267,'34508923','M','Leonardo','Recarte','1988-10-11',NULL,'Celide Mogetta','+44 341 648-4898','Italmedica',NULL,270,10,'+44 341 648-4898'),(268,'16301813','M','javier','carrizo','1963-05-08',NULL,'Adriana Gonzalez','+44 341 699-9490','Ospaga',NULL,270,10,'+44 341 699-9490'),(269,'34986301','F','Joana','Alvarenga','1990-02-01',NULL,'NORMA VILLANUEVA','+44 341 313-4994','IOSFA',NULL,270,10,'+44 341 313-4994'),(270,'17834160','F','Patricia','Basaldella','1965-11-18',NULL,'Jorge Diaz Molina','+44 336 464-6648','Osap',NULL,270,10,'+44 336 464-6648'),(271,'32579765','M','Nestor','Gauto','1986-02-20',NULL,'joana alvarenga','+44 341 690-4986','IOSFA',NULL,270,10,'+44 341 690-4986'),(272,'42290030','M','Isaias','Madroñal','1999-11-08',NULL,'Olga','+44 341 696-4999','OSPLAD',NULL,270,10,'+44 341 696-4999'),(273,'30406792','F','Florencia','Encina','1983-10-14','LYON TEAM','Andrés','+44 341 319-0138','Ciba',NULL,345,10,'+44 341 319-0138'),(274,'23377275','F','Yvana','Chapelet','1973-02-06',NULL,'Rafael vacchieri','+44 3491 69-3319','Iapos',NULL,346,10,'+44 3491 69-3319'),(275,'39509082','M','Mauricio','Amado','1996-10-27',NULL,'Ramona','+44 341 686-6694','Omint',NULL,270,10,'+44 341 686-6694'),(276,'39570628','M','Emanuel Ariel','Barbosa','1996-01-08',NULL,'Matias Barbosa','+44 341 493-6846','OSDE',NULL,26511,10,'+44 341 493-6846'),(277,'29064142','M','Diego','Carrizo','1981-11-17','No','Carolina','+44 341 494-3000','Avalian',NULL,270,10,'+44 341 494-3000'),(278,'32111520','M','Franco','Seveso','1987-04-08',NULL,'María Noelia Seveso','+44 341 310-8333','Swiss Medical',NULL,270,10,'+44 341 310-8333'),(279,'23961983','M','Gaston','Balonchard','1974-09-30',NULL,'Mara Dilorenzo','+44 341 431-0839','OSDE',NULL,270,10,'+44 341 431-0839'),(280,'27323859','F','adriana','giles','1979-04-11','Natural Run','Lares Cristian','+44 3496 48-1833','Iapos',NULL,54040,10,'+44 3496 48-1833'),(281,'33733432','M','Sergio','Cruz','1987-12-25',NULL,'joana alvarenga','+44 341 690-4986','IOSFA',NULL,229,10,'+44 341 690-4986'),(282,'14754879','M','Aquiles','Torres','1961-04-01',NULL,'Marcela Sied','+44 3464 43-0309','OSDOP',NULL,315,10,'+44 3464 43-0309'),(283,'29015247','M','Gastón Ariel','Ramírez','1981-03-02',NULL,'Alfonsina','+44 341 483-0931','Urgencias/AMR',NULL,270,10,'+44 341 483-0931'),(284,'19522930','M','Francisco Manuel','Iturraspe Gialdini','1976-01-14',NULL,'María Julia Salazar','+44 341 643-4918','IAPOS',NULL,270,10,'+44 341 643-4918'),(285,'39837070','F','Yanet','Rodríguez','1995-05-12',NULL,'Graciela','+44 341 646-0089','No',NULL,270,10,'+44 341 646-0089'),(286,'40943303','F','María Josefina','Zanet','1998-01-25','Churros Patri','Osvaldo','+44 3483 63-4090','Iapos',NULL,164,10,'+44 3483 63-4090'),(287,'17156914','F','ELSA ROSA','BOUVIER','1963-12-17',NULL,'DEBORA','+44 341 314-1343','OSPE PETROLEROS',NULL,270,10,'+44 341 314-1343'),(288,'18179318','M','Roberto Eduardo','Polenta','1966-04-03',NULL,'Roberto','+44 341 369-1434','Urg',NULL,270,10,'+44 341 369-1434'),(289,'29652018','F','NOELIA','VALENTINI','1982-04-18','ZONA 4 entrenamiento','Ramiro valentini','+44 3496 60-0413','Federadq',NULL,54040,10,'+44 3496 60-0413'),(290,'37957613','F','Natali','Carrera','1993-07-16',NULL,'Demis Pacella','+44 341 444-4841','Esencial Mta',NULL,270,10,'+44 341 444-4841'),(291,'37854573','F','María laura','Landeira','1993-08-04',NULL,'Estela','+44 341 404-1909','Avalian',NULL,270,10,'+44 341 404-1909'),(292,'25753438','F','Analia Fernanda','Yegros','1976-11-27','No','Eduardo Cancinos','+44 341 611-3343','Iapos',NULL,270,10,'+44 341 611-3343'),(293,'39167604','M','Manuel','Salinas','1995-08-08',NULL,'Mariela Medina','+44 3401 64-8191','Swiss Medical',NULL,270,10,'+44 3401 64-8191'),(294,'37100476','M','Gerardo','Merlo','1992-03-31','Buscando +','Milagros','+44 341 463-1183','Esencial',NULL,26513,10,'+44 341 463-1183'),(295,'34878546','F','Noelia','Zanotti','1989-09-15','Los Chozos','David Cuaino','+44 341 444-9486','iapos',NULL,286,10,'+44 341 444-9486'),(296,'40005705','M','Brian','Sosa','1996-03-07',NULL,'Andrea Luna','+44 341 301-9044','Emerger',NULL,270,10,'+44 341 301-9044'),(297,'35021554','M','Enrique','Chavez','1989-12-23','Gendarmeria Nacional','3412545966','+44 11 6184-9869','42999700',NULL,362,10,'+44 11 6184-9869'),(298,'41614303','F','Delfina','Longarini','1998-12-15',NULL,'Estela Mazzieri','+44 3491 33-4496','IAPOS',NULL,26553,10,'+44 3491 33-4496'),(299,'29619418','F','PAOLA','LEIVA','1982-07-29',NULL,'MARIA MAGDALENA ARELLANO','+44 341 688-3393','Salud Publica',NULL,270,10,'+44 341 688-3393'),(300,'21002854','M','Ariel','Lentino','1969-05-29',NULL,'Lentino Brenda','+44 341 333-8804','Ospe',NULL,270,10,'+44 341 333-8804'),(301,'31524345','M','Luciano','Lopez','1986-05-28','.','Maia Ledo','+44 11 4948-4434','Swiss Medical',NULL,270,10,'+44 11 4948-4434'),(302,'25223654','M','Andrés','Firmani','1975-12-13',NULL,'Gabriel','+44 341 604-0366','PAMI bu',NULL,270,10,'+44 341 604-0366'),(303,'14884356','M','Carlos','del Frade','1963-02-05',NULL,'Sandra Cicaré','+44 341 609-9183','ECCO',NULL,270,10,'+44 341 609-9183'),(304,'16402949','M','Marcelo','Cosenza','1962-10-18',NULL,'Yamil cosenza','+44 341 688-8494','Avalian',NULL,26511,10,'+44 341 688-8494'),(305,'34550554','F','Paola','Milicic','1989-01-27','no','ana','+44 341 304-4404','iapos',NULL,270,10,'+44 341 304-4404'),(306,'23482635','F','Maria jose','Bretón','1973-05-16','Atenas','Luis','+44 341 618-4999','Ospac',NULL,270,10,'+44 341 618-4999'),(307,'33610719','F','Maria Leticia','Ditrani','1988-10-27',NULL,'Isabel','+44 341 696-4868','Amr',NULL,26511,10,'+44 341 696-4868'),(308,'22724953','M','Gabriel Alberto','Ponzoni','1971-09-11','No','Maria Paula','+44 341 314-4614','Federada salud',NULL,270,10,'+44 341 314-4614'),(309,'28884575','F','Mariana Beatriz','Pidello','1981-04-13','No','Jorge','+44 341 669-6446','Urgencias',NULL,270,10,'+44 341 669-6446'),(310,'18705539','M','Walter Dardo','Bochatay','1967-11-13',NULL,'Nora','+44 3498 40-9896','Ioma',NULL,54301,10,'+44 3498 40-9896'),(311,'23539054','M','Gabriel','Giri','1973-04-29',NULL,'Ana Maria','+44 341 441-4399','Osde 310',NULL,270,10,'+44 341 441-4399'),(312,'27416008','F','Carolina','Rodriguez','1979-04-15',NULL,'Diego guedon','+44 3491 44-9444','Iapos',NULL,346,10,'+44 3491 44-9444'),(313,'95630326','F','Lilian Karen','Días soares','2000-06-30',NULL,'Queziaa','+44 343 404-3838','AS204',NULL,322,31,'+44 343 404-3838'),(314,'28143799','M','Juan Pablo','Arguello','1980-02-16',NULL,'Gabriela vitola','+44 341 664-8930','Iapos',NULL,26511,10,'+44 341 664-8930'),(315,'30231616','F','Samanta','Grinschpun','1983-01-19','No','Marcelo','+44 11 6433-0866','Sancor salud',NULL,26511,10,'+44 11 6433-0866'),(316,'41173970','M','Nicolas','Lorenco','1998-03-03',NULL,'Claudia ramirez','+44 341 334-8846','Ciba',NULL,270,10,'+44 341 334-8846'),(317,'22156996','M','Leonardo Pablo','Pello','1971-05-03',NULL,'Jorgelina','+44 341 310-4341','Iapos',NULL,270,10,'+44 341 310-4341'),(318,'29406383','M','Cesar','Sandoval','1981-11-08',NULL,'3416657728','+44 341 364-1818','Iosfa',NULL,307,10,'+44 341 364-1818'),(319,'27068997','M','Sebastian','Persoglia','1978-10-31',NULL,'Renata','+44 343 686-6499','Osseg',NULL,26443,10,'+44 343 686-6499'),(320,'16895597','M','JOSE LUIS','OTTOLINI','1964-03-18',NULL,'SCAPIN MARIA MERCEDES','+44 341 638-4049','OSDOP',NULL,26511,10,'+44 341 638-4049'),(321,'30704741','M','augusto','variego','1983-05-28',NULL,'celeste','+44 341 448-3314','swiss',NULL,270,10,'+44 341 448-3314'),(322,'28139747','M','NICOLAS PABLO','GHIA','1980-03-06',NULL,'MARIA JOSE LABEQUE','+44 341 349-8008','iapos',NULL,26511,10,'+44 341 349-8008'),(323,'21565460','M','HORACIO RAMON','MONTECHESI','1969-01-30','no','cristina','+44 341 439-3449','emergencia4351111   obra social- iapos',NULL,270,10,'+44 341 439-3449'),(324,'13199122','M','Oscar','Ramos','1957-04-07','O.RamosEntrenamientos','Gladis De Paoli','+44 341 644-3393','Iapos',NULL,26511,10,'+44 341 644-3393'),(325,'31825291','F','Anita','González','1986-01-06','Kona Team','Mabel Vogt','+44 343 493-0938','Medicus',NULL,318,10,'+44 343 493-0938'),(326,'38274829','M','Brian Matías','Maidana','1994-10-19',NULL,'Marianela Marote','+44 341 639-3939','IAPOS',NULL,308,10,'+44 341 639-3939'),(327,'22224721','F','Maria','Gonella','1971-01-07','Gimnasio M50TRAINING','Enzo','+44 361 449-9946','Galeno',NULL,184,10,'+44 361 449-9946'),(328,'36959800','F','Marianela Andrea','Lucci','1992-07-29',NULL,'Alicia','+44 341 334-1389','Iapos',NULL,286,10,'+44 341 334-1389'),(329,'36938147','M','Santiago','Saravia','1992-04-03',NULL,'julieta','+44 341 396-3446','osde',NULL,270,10,'+44 341 396-3446'),(330,'23120682','F','Fernanda','Beros','1972-11-21',NULL,'Rodolfo','+44 341 346-4866','Osdop',NULL,270,10,'+44 341 346-4866'),(331,'22069877','F','Patricia Alejandra','Garcia','1969-07-14',NULL,'Melani Enrico','+44 9 341 930-9110','Osvip',NULL,270,10,'+44 9 341 930-9110'),(332,'34614029','M','Marcos Sebastián','Vidal','1989-03-09','Grupo running los chozers por Maru vivaldo','Celina cismondi','+44 341 640-8136','Medicina esencial',NULL,286,10,'+44 341 640-8136'),(333,'39213433','F','Paula','Bacaloni','1996-04-10',NULL,'Maria Damiani','+44 341 408-0449','Avalian',NULL,270,10,'+44 341 408-0449'),(334,'27151579','F','Paula','GON','1979-05-22',NULL,'federico Gon','+44 341 339-3999','osde 210',NULL,270,10,'+44 341 339-3999'),(335,'30181039','F','Cecilia','Nadeo','1982-02-23','No','Antonia','+44 333 490-3399','Si',NULL,184,10,'+44 333 490-3399'),(336,'31982774','M','Elián','Milione','1985-07-03',NULL,'Daiana Morales','+44 3464 40-6449','OSDE',NULL,338,10,'+44 3464 40-6449'),(337,'27566971','M','Rodrigo','Solis','1979-05-31',NULL,'Verónica','+44 341 343-9666','Ospedyc',NULL,270,10,'+44 341 343-9666'),(338,'39053376','F','Lucia','Sava','1995-07-20','Grupo Running los Chozers por Maru Vivaldo','Perez Carmen','+44 341 441-6633','Esencial',NULL,286,10,'+44 341 441-6633'),(339,'32046166','F','Roxana','Dominguez','1986-07-29','Zona 4','Betiana carreras','+44 3496 48-9184','Osecac',NULL,54040,10,'+44 3496 48-9184'),(341,'11078685','M','raul','BRAVO','1952-07-24','LOS ZORROS VIEJOS','PERALTA ANA LIA','+44 3463 44-9989','OSSEG',NULL,236,10,'+44 3463 44-9989'),(342,'20560795','F','Adriana','Sebben','1968-04-01','ninguna','Carlos Bailon','+44 9 341 491-0346','ecco',NULL,270,10,'+44 9 341 491-0346'),(343,'27762438','M','Luis Alberto','Roldán','1979-08-18',NULL,'Florencia Pez','+44 341 661-9384','OSPERYHRA',NULL,270,10,'+44 341 661-9384'),(344,'33234262','M','Jorge Ezequiel','Andrada','1987-09-27',NULL,'Nélida Vizgarra','+44 11 3303-1083','Particular',NULL,186,10,'+44 11 3303-1083'),(345,'21888857','F','Carina Andrea','Candelas','1970-04-23',NULL,'Martin','+44 341 489-4833','Osde',NULL,270,10,'+44 341 489-4833'),(346,'25030060','F','MARA','DI LORENZO','1975-10-20',NULL,'gaston balonchard','+44 341 494-6498','federada',NULL,270,10,'+44 341 494-6498'),(347,'40238776','M','Nicolas','Bueno','1997-01-30',NULL,'Debora','+44 341 488-0339','Luis Pasteur',NULL,270,10,'+44 341 488-0339'),(348,'35170984','M','Reynaldo','Billordo','1989-06-29',NULL,'Mariela morel','+44 341 630-1616','Galeno',NULL,270,10,'+44 341 630-1616'),(349,'26201101','M','Orlando','Real','1978-04-12',NULL,'Maria Jose Rafaniello','+44 343 439-1643','Luz y Fuerza',NULL,251,10,'+44 343 439-1643'),(350,'29818468','M','Mariano','Anfossi','1982-05-22','GRUPO RUNNING LOS CHOZERS POR MARU VIVALDO','Virginia zacchino','+44 341 610-4444','Avalian',NULL,286,10,'+44 341 610-4444'),(351,'23328859','M','marcelo','cortes kieldgaard','1973-08-02',NULL,'jose luis','+44 341 496-4100','aca salud',NULL,270,10,'+44 341 496-4100'),(352,'31104767','F','Yanina','Fernandez','1984-06-20','No','Maximiliano','+44 341 649-8190','Iapos',NULL,26511,10,'+44 341 649-8190'),(353,'34970602','M','Federico','Lacuadra','1990-01-02','No','Gustavo','+44 341 444-6143','Iapos',NULL,270,10,'+44 341 444-6143'),(354,'30286311','M','Ivan','Enriquez','1983-09-04',NULL,'Jorgelina','+44 341 463-8380','Iapos',NULL,270,10,'+44 341 463-8380'),(355,'29311334','M','LEONARDO','ALMENDRA','1982-04-14',NULL,'MARCIA','+44 336 443-1094','IOMA',NULL,256,10,'+44 336 443-1094'),(356,'95413042','M','Roberto','Cabrera','1998-03-05',NULL,'Graciela Cabrera','+44 9 11 6436-4139','San Miguel',NULL,362,187,'+44 9 11 6436-4139'),(357,'29136449','M','Diego','Cosentino','1981-11-18',NULL,'Isabel Mazzeo','+44 341 308-3694','OSEIV',NULL,270,10,'+44 341 308-3694'),(358,'22518927','F','Constanza','Cerda\'','1971-03-04',NULL,'Fernando','+44 341 363-8348','Iapos',NULL,54040,10,'+44 341 363-8348'),(359,'29773940','F','Mariana paula','Fsntin','1982-07-12','Rosario calleypista','Claudio di vito','+44 341 364-6430','Swiss medicals',NULL,270,10,'+44 341 364-6430'),(360,'27728287','M','Javier','Quiroga','1979-08-17',NULL,'3413621464','+44 341 363-1464','Iapos',NULL,270,11,'+44 341 363-1464'),(361,'26056689','M','Pablo César','Robledo','1977-12-29',NULL,'Carolina Stefanelli','+44 341 699-0691','OSMATA',NULL,270,10,'+44 341 699-0691'),(362,'22063633','F','MARIA','Koller','1970-10-13',NULL,'3416117163','+44 341 644-3960','Esencial ecco',NULL,270,10,'+44 341 644-3960'),(363,'16798543','M','Walter','Varela','1963-11-28',NULL,'Gabriela','+44 341 639-4339','IOSFA',NULL,270,10,'+44 341 639-4339'),(364,'25093910','M','Juan Carlos','Amarilla','1984-11-08',NULL,'Alejandra','+44 341 344-3490','Joyeros y relojeros',NULL,270,10,'+44 341 344-3490'),(365,'14405264','M','Eduardo Ramón reynoso','Reynoso','1961-01-04','Urquiza corre','2477580030','+44 3499 48-0030','Ninguna',NULL,285,10,'+44 3499 48-0030'),(366,'14979573','F','Olga','Lezano','1962-05-29',NULL,'Jorgelina','+44 341 930-0041','Iapos',NULL,270,10,'+44 341 930-0041'),(367,'94674101','F','Ynes','Gonzales Flores','1965-02-12','ninguna','Juan','+44 341 303-8334','URG',NULL,270,175,'+44 341 303-8334'),(368,'23668750','M','Cristian','Santoro','1974-03-22','Wteam','Cristian s','+44 3463 41-6191','Iapos',NULL,236,10,'+44 3463 41-6191'),(369,'29970509','F','Miriam Andrea Soledad','Diaaz','1982-07-25','Cmrunning team','Mariano','+44 341 603-0339','Ninguna',NULL,270,10,'+44 341 603-0339'),(370,'28964796','F','Daniela','Jansa','1981-02-10','no','nicolas paez','+44 341 444-3346','plenit premium',NULL,270,10,'+44 341 444-3346'),(371,'29537428','M','leandro','novara','1982-07-28',NULL,'Ayelen','+44 341 613-3933','Avalian',NULL,270,10,'+44 341 613-3933'),(372,'24150453','F','fernanda','rojas','1974-06-27',NULL,'silvina rojas','+44 341 483-8069','iapos',NULL,26443,10,'+44 341 483-8069'),(373,'34066273','F','María Emilia','Barberis','1989-11-25',NULL,'Matías madariaga','+44 348 433-4933','unr',NULL,270,10,'+44 348 433-4933'),(374,'28197171','M','Diego','Castillo','1980-03-11',NULL,'Hernan','+44 341 460-3940','Ima',NULL,270,10,'+44 341 460-3940'),(375,'24830829','M','Claudio','Favre','1975-03-25','Grupo Sacchi','Carina Griba','+44 341 698-8134','Federada',NULL,26511,10,'+44 341 698-8134'),(376,'42877257','F','Estefanía Belén','Alegre Savoretti','2000-05-04',NULL,'Omar Alegre','+44 341 499-9169','Esencial',NULL,26511,10,'+44 341 499-9169'),(377,'29650432','M','Jose Luis','Valenzuela','1982-07-02',NULL,'Liliana','+44 341 368-9931','Osecac',NULL,270,10,'+44 341 368-9931'),(378,'34924038','F','María Fernanda','Quadrelli','1990-05-22',NULL,'Nicolás buffa','+44 3493 41-0184','Caja forense',NULL,278,10,'+44 3493 41-0184'),(379,'35174271','M','Matias Sebastian','Benitez','1989-09-07',NULL,'Noelia','+44 341 690-8819','Avalian',NULL,270,10,'+44 341 690-8819'),(380,'42645425','M','Agustín Manuel','Blanco','2000-01-16',NULL,'María de los Ángeles','+44 341 364-1613','Osdop',NULL,270,10,'+44 341 364-1613'),(381,'29767712','F','Valeria Inés','Zamateo','1982-06-18',NULL,'Juan Manuel Bertello','+44 3493 63-6813','Centro Asistencial',NULL,278,10,'+44 3493 63-6813'),(382,'32633335','M','Juan Sebastian','Bais','1986-01-24',NULL,'Estela','+44 341 303-1190','Asociación Empleados De Comercio',NULL,270,10,'+44 341 303-1190'),(383,'17824624','M','Guillermo','Freire','1966-11-12',NULL,'Julia freire','+44 341 449-3388','Osde',NULL,270,10,'+44 341 449-3388'),(384,'22834956','F','Ema Liliana','Bruni','1972-07-23','No','Ariel Bruni','+44 341 464-3933','Osdepym',NULL,270,10,'+44 341 464-3933'),(385,'34790004','M','Guillermo','Zamateo','1989-07-14',NULL,'Olga','+44 3493 48-4433','Centro Asistencial Rafaela',NULL,278,10,'+44 3493 48-4433'),(386,'20675329','M','Javier oscar','Rodriguez','1968-05-03','Active club rosario','Giuliana','+44 341 396-6889','Prepega',NULL,270,10,'+44 341 396-6889'),(387,'17790034','M','Marcelo','Santarelli','1965-03-16',NULL,'Carina Ricci','+44 341 639-3838','Ospsa',NULL,270,10,'+44 341 639-3838'),(388,'25249990','M','Hernan','Romano','1975-07-31',NULL,'Cecilia Miño','+44 341 664-9314','Esencial',NULL,270,10,'+44 341 664-9314'),(389,'27481210','F','Carolina','Paladea','1979-10-21','No','Raquel','+44 341 619-1369','Más osdop',NULL,270,10,'+44 341 619-1369'),(390,'18742895','F','Roxana','Comuzzi','1967-12-27',NULL,'Jorge Gelmetti','+44 341 349-9440','urgencias',NULL,270,10,'+44 341 349-9440'),(391,'12752991','F','ANA LIA','PERALTA','1957-04-03',NULL,'RAUL BRAVO','+44 3463 49-9339','OSSEG',NULL,236,10,'+44 3463 49-9339'),(392,'33652185','M','Guillermo','Portillo','1986-08-12',NULL,'Silvana cattay','+44 341 640-3394','Oseara',NULL,308,10,'+44 341 640-3394'),(393,'30248685','F','Catalina','Falcon','1983-04-13',NULL,'Florencia','+44 341 363-1984','0',NULL,270,10,'+44 341 363-1984'),(394,'16805928','F','Elena','Belotti','1964-01-20','Atenas','Hija','+44 341 399-6949','Medife',NULL,270,10,'+44 341 399-6949'),(395,'44196764','M','Facundo','Romero','2001-11-05',NULL,'Florencia','+44 341 363-1984','0',NULL,270,10,'+44 341 363-1984'),(396,'12331738','M','sergio jose','ambrogi','1959-03-18','club sportivo godoy','susana angelica lorenzo','+44 3460 69-4303','avalian',NULL,229,10,'+44 3460 69-4303'),(397,'38755780','M','nicolas','vanstrate','1995-04-13',NULL,'elvio','+44 3496 66-8086','swiss medical',NULL,54040,10,'+44 3496 66-8086'),(398,'16656604','M','Víctor','Ambrogi','1964-04-29',NULL,'Susana Lorenzo','+44 3460 69-4303','Swiss Medical',NULL,229,10,'+44 3460 69-4303'),(399,'22491064','M','David','Aviani','1970-11-27','Atenas','Valeria Consolati','+44 341 694-4803','Osde',NULL,270,10,'+44 341 694-4803'),(400,'37761680','M','Federico','Soromello','1994-02-04',NULL,'fernanda sampaoli','+44 3496 48-0904','swiss medical',NULL,54040,10,'+44 3496 48-0904'),(401,'29210860','M','Federico','Erceg','1981-05-19',NULL,'Maria José bruno','+44 3401 41-6399','Avalian',NULL,26516,10,'+44 3401 41-6399'),(402,'24529046','F','Norma','Mullarch','1975-04-07','Cronos','Hugo','+44 341 490-4616','Osecac',NULL,270,10,'+44 341 490-4616'),(403,'27138759','F','Virginia','Castellarini','1979-11-05',NULL,'lucas','+44 341 648-4343','xccs',NULL,351,10,'+44 341 648-4343'),(404,'21932490','M','Juan Enrique','Torres','1970-06-20',NULL,'FAN, Maria Cecilia','+44 341 336-1313','swiss medical',NULL,270,10,'+44 341 336-1313'),(405,'35616905','F','Ailen Lara','Ramirez','1991-01-24',NULL,'Juan Carlos Ramírez','+44 341 419-1336','Swissmedical',NULL,270,10,'+44 341 419-1336'),(406,'28962663','M','Roberto Andrés','Roldan','1981-04-13',NULL,'Luis Roldan','+44 341 686-1919','Camioneros primero',NULL,270,10,'+44 341 686-1919'),(407,'16995364','M','Marcelo','FABBRINI','1963-08-20',NULL,'SILVIA EVA GIMENEZ','+44 341 633-4861','O.S.I.A.D.',NULL,270,10,'+44 341 633-4861'),(408,'92581803','F','Maria Cecilia','Fan','1974-08-17',NULL,'Juan E Torres','+44 341 646-4801','swiss medical',NULL,270,235,'+44 341 646-4801'),(409,'34271972','M','German Alfredo','Mayora','1988-12-01',NULL,'Mayora Violeta','+44 341 334-9933','Galeno 200',NULL,270,10,'+44 341 334-9933'),(410,'18824905','F','Sandra','Migone','1967-11-25',NULL,'Loreley','+44 341 683-3041','No',NULL,270,10,'+44 341 683-3041'),(411,'33098656','F','Noelia','Barrionuevo','1987-01-23',NULL,'Adriana','+44 341 634-9993','Ninguna',NULL,307,10,'+44 341 634-9993'),(412,'30078648','M','Agustín','Pedro','1983-03-29',NULL,'Shizu','+44 343 446-6398','Jerarquicos Salud',NULL,251,10,'+44 343 446-6398'),(413,'40464875','M','Martin','Boccio','1997-03-19',NULL,'Eduardo','+44 341 641-9811','Osde',NULL,270,10,'+44 341 641-9811'),(414,'44368441','F','Chiara','Gutierrez','2002-05-20',NULL,'Sabrina','+44 341 390-6396','Osseg seguros',NULL,26443,10,'+44 341 390-6396'),(415,'17494594','F','SandraElizabeth','Mazaitis','1965-06-16','Plataforma','Mercedes Surraco','+44 341 481-9139','Iapos',NULL,270,10,'+44 341 481-9139'),(416,'7595852','M','Ramiro Gustavo Núñez','Nuñez','1991-11-07',NULL,'Gustavo','+44 341 640-1314','Completo',NULL,270,10,'+44 341 640-1314'),(417,'23484503','F','Laura','Suppa','1973-09-08',NULL,'Josefa','+44 341 411-8943','Osec',NULL,270,10,'+44 341 411-8943'),(418,'25065993','F','Maria Fernanda','Ramírez','1975-11-10',NULL,'Gustavo','+44 341 334-3916','AMR',NULL,270,10,'+44 341 334-3916'),(419,'23573409','M','LEONARDO DAVID','MARTINEZ','1973-01-29','No','Vanina Falcioni','+44 341 366-9646','IAPOS',NULL,270,10,'+44 341 366-9646'),(420,'34962731','F','Melina','Meiners','1990-01-12',NULL,'Monica','+44 341 308-1408','Iapos',NULL,270,10,'+44 341 308-1408'),(421,'38778653','F','Daiana marlen','Duran','1994-08-20','No','Daiana','+44 341 619-3496','No tengo',NULL,270,10,'+44 341 619-3496'),(422,'16960215','M','nestor','corvoisier','1964-01-23',NULL,'Patricia Albornoz','+44 3436 43-9346','Jerarquicos salud',NULL,234,10,'+44 3436 43-9346'),(423,'35997529','F','Alejandra','Riquelme','1990-07-18',NULL,'Jose Alarcon','+44 341 644-9444','SWISS MEDICAL',NULL,270,10,'+44 341 644-9444'),(424,'3417297554','F','Yazmin','Romel','1996-12-09',NULL,'Adriana','+44 341 394-4444','IOSFA',NULL,270,10,'+44 341 394-4444'),(425,'22325164','M','Diego Guillermo','Cámara','1970-12-13',NULL,'Mocciaro Verónica','+44 341 343-0090','Omint',NULL,270,10,'+44 341 343-0090'),(426,'26673399','M','Ariel','Navarro','1978-03-10',NULL,'Vanina','+44 341 344-3434','OSDE',NULL,270,10,'+44 341 344-3434'),(427,'24709772','F','Luciana','Echeverria','1974-12-29','Cm Running Team','Ana Pilar Echeverria','+44 341 600-0888','Esencial',NULL,270,10,'+44 341 600-0888'),(428,'26207562','F','Sibila','Zenatti','1977-08-04',NULL,'Sebastián','+44 341 390-8801','Dasuten',NULL,270,10,'+44 341 390-8801'),(429,'17470713','M','Hugo marcelo','Dautel','1965-11-05','No','Valentina Dautel','+44 341 634-9146','Swiss medical',NULL,270,10,'+44 341 634-9146'),(430,'27761546','F','Yanina','Gomez','1979-08-11',NULL,'Miguel','+44 341 694-6949','Ninguna',NULL,270,10,'+44 341 694-6949'),(431,'39516596','F','Daiana','Fernández','1995-08-17',NULL,'Marta','+44 341 610-9403','no',NULL,270,10,'+44 341 610-9403'),(432,'39601958','M','Jose','Segovia','1996-01-15',NULL,'Iris ramos','+44 341 393-9431','Oseara',NULL,270,10,'+44 341 393-9431'),(433,'25830270','M','Emiliano','Salemme','1976-05-13','No','Silvio Danielli','+44 341 619-4194','Osde',NULL,270,10,'+44 341 619-4194'),(434,'22849697','M','Omar abel','Ochoa','1972-05-13','Club atlético unión de Sastre','Carmen','+44 341 684-8034','Suteryh',NULL,270,10,'+44 341 684-8034'),(435,'32133050','F','Marina','Luna','1986-02-14',NULL,'Eunice Luna','+44 3491 43-6998','Hospital',NULL,346,10,'+44 3491 43-6998'),(436,'32428589','F','Jesica','Pioggia','1986-06-17',NULL,'Sergio Dichiara','+44 3464 63-3331','Galeno',NULL,343,10,'+44 3464 63-3331'),(437,'34449762','F','Cindi','rodriguez','1989-06-07',NULL,'Santiago','+44 341 343-3930','Medife',NULL,270,10,'+44 341 343-3930'),(438,'14579799','M','Ricardo','Reddy','1961-03-25','No','Selva Carbajal','+44 343 433-3489','Osde',NULL,270,10,'+44 343 433-3489'),(439,'25264647','M','Carlos','Vitale','1976-03-25','no','Lorena Bouchet','+44 341 334-6693','OSECAC',NULL,270,10,'+44 341 334-6693'),(440,'26117693','F','Maria Beatriz','Girardi','1977-04-23',NULL,'Esteban Bottari','+44 341 330-9340','Swiss Medical',NULL,270,10,'+44 341 330-9340'),(441,'29153200','M','Diego','Genovese','1981-08-03',NULL,'Laura Abalos','+44 341 669-3349','osde 210',NULL,270,10,'+44 341 669-3349'),(442,'39412914','F','Maria cecilia','Diaz','1996-04-30',NULL,'Adrian','+44 3436 61-9300','O',NULL,270,10,'+44 3436 61-9300'),(443,'27303826','F','virginia','castellarini','1979-11-05',NULL,'nvbfsdf','+44 341 633-3333','fdaasdas',NULL,351,10,'+44 341 633-3333'),(444,'22807507','M','César','Busilacchi','1971-10-25',NULL,'Claudia Aguilera','+44 341 361-0993','Medicnia Esemcial',NULL,270,10,'+44 341 361-0993'),(445,'29026274','M','Gonzalo','Duran Rodriguez','1981-05-12',NULL,'Alicia Rodriguez','+44 341 604-6334','Ciencias Económicas',NULL,270,10,'+44 341 604-6334'),(446,'35987268','M','Ezequiel','Villalba','1990-09-02',NULL,'Maria Laura Aguirre','+44 341 466-3684','Ribera Salud',NULL,270,10,'+44 341 466-3684'),(447,'40597620','M','Efrain David','Simari Andrada','1997-08-05','Ardec','David Simari','+44 341 314-9393','Iapos',NULL,270,10,'+44 341 314-9393'),(448,'25304116','F','Ariana','Luso oliveira','1975-09-22','CM','Elisa Sain','+44 341 348-4398','iapos',NULL,270,10,'+44 341 348-4398'),(449,'26060426','F','Maria','Morello','1977-02-28',NULL,'PABLO  SABA','+44 341 309-1334','Osecac',NULL,270,10,'+44 341 309-1334'),(450,'40643939','F','Melisa Leticia Laura','FLORIO','1996-12-09',NULL,'Edgardo Florio','+44 341 440-0499','Previnca Salud',NULL,270,10,'+44 341 440-0499'),(451,'32733031','M','Matías','Spinarolli','1986-08-15',NULL,'Sabina Piazza','+44 341 366-9333','Federada Salud',NULL,270,10,'+44 341 366-9333'),(452,'36457868','F','Julieta','Gamarra','1991-07-16',NULL,'Guillermo Gamarra','+44 341 613-4400','Jerárquicos salud',NULL,270,10,'+44 341 613-4400'),(453,'29613862','F','Elisa','Duarte','1982-02-02',NULL,'Elida','+44 341 313-3664','Avalian',NULL,270,10,'+44 341 313-3664'),(454,'31875313','F','Eliana','Mendoza','1985-04-24',NULL,'Alfredo','+44 341 368-3439','Iapos',NULL,270,10,'+44 341 368-3439'),(455,'22506839','M','Cristian','González','1971-09-03',NULL,'Andrea','+44 341 644-6349','Esencial',NULL,26511,10,'+44 341 644-6349'),(456,'24283173','F','Eliana','dos Santos Botta','1974-10-29',NULL,'José Alberto dos Santos Botta','+44 341 403-1861','Ciencias Económicas',NULL,270,10,'+44 341 403-1861'),(457,'13756673','F','María Magdalena','Almiron','1959-06-01',NULL,'María magdalena almiron','+44 3491 48-8033','Pami',NULL,346,10,'+44 3491 48-8033'),(458,'35999912','F','Nadia Susana','Castro','1987-11-27',NULL,'Sebastián','+44 341 411-9389','Iapos',NULL,270,10,'+44 341 411-9389'),(459,'35867084','M','Lucas','Toledo','1991-04-21',NULL,'Mutualyf','+44 341 480-3804','Mutualyf',NULL,270,10,'+44 341 480-3804'),(460,'32205482','M','Daniel','Brandant','1987-05-13',NULL,'Karen','+44 341 383-1996','.',NULL,286,10,'+44 341 383-1996'),(461,'20291908','M','RODOLFO','DEL BARCO','1968-08-27',NULL,'ROMINA MEHRING','+44 3493 49-4449','PREVENCION SALUD',NULL,278,10,'+44 3493 49-4449'),(462,'41641729','F','Nahir','Santillan','1998-11-24',NULL,'Santillan luis','+44 3491 44-8443','Iapos',NULL,346,10,'+44 3491 44-8443'),(463,'45942592','M','Hernán David','Santillán','2004-01-18',NULL,'Mariela lescano','+44 3491 49-0939','Iapos',NULL,346,10,'+44 3491 49-0939'),(464,'38301959','F','Lorena','Segovia','1992-12-13',NULL,'Pablo erbes','+44 341 343-1313','Ciba',NULL,307,10,'+44 341 343-1313'),(465,'20847279','M','Edgardo','Marban','1969-05-05',NULL,'Analía Urbaneja','+44 341 696-9943','Iapos',NULL,270,10,'+44 341 696-9943'),(466,'17662323','F','Claudia','Mocci','1965-12-29','Atenas','Juan di franco','+44 341 411-3089','Omint',NULL,270,10,'+44 341 411-3089'),(467,'30096305','F','Malvina','Martinez','1982-10-08','No','Romina','+44 341 343-3433','13deoctubre',NULL,307,10,'+44 341 343-3433'),(468,'19201428','F','ARANZAZU','Diaz','1984-05-11',NULL,'MAURO MOI','+44 341 334-3039','FEDERADA SALUD',NULL,270,10,'+44 341 334-3039'),(469,'35959826','M','Martin','Santini','1990-07-17',NULL,'Daniela Diaz','+44 341 303-0300','Esencial',NULL,270,10,'+44 341 303-0300'),(470,'37235433','M','Fernando blas','costa','1990-02-03',NULL,'alicia','+44 341 469-3060','pami',NULL,270,10,'+44 341 469-3060'),(471,'14742994','F','MABEL CRISTINA','SAVARINO','1962-03-26',NULL,'Bonsignore Carlos','+44 341 400-8491','Medife',NULL,270,10,'+44 341 400-8491'),(472,'18876296','F','Roxana','Di Benedetti','1967-05-18',NULL,'Daniela Bencegues Ricci','+44 3463 49-3919','Swiss Medical',NULL,236,10,'+44 3463 49-3919'),(473,'36299909','F','Daniela','Grahsmugg','1991-09-05','Gym full','Abel Coria','+44 341 394-0146','Ospe',NULL,307,10,'+44 341 394-0146'),(474,'24308868','F','Marcela Alejandra','Ifran','1974-11-14','Gym full','Pedro Galarza','+44 341 334-3938','Unión personal',NULL,307,10,'+44 341 334-3938'),(475,'18775020','M','Diego Alberto','Beltrán','1967-01-30',NULL,'Leila Chacra','+44 341 349-1904','OBRA SOCIAL UNR',NULL,270,10,'+44 341 349-1904'),(476,'32653639','F','Cintia Romina','Duré','1986-08-27','Gym full','Gómez Germán','+44 341 664-0093','Osap',NULL,307,10,'+44 341 664-0093'),(477,'35660799','M','Maximiliano Claudio Cesar','Navarro','1990-08-11','Active club','Jesús amigo','+44 341 344-9390','No',NULL,270,10,'+44 341 344-9390'),(478,'22372172','M','Gustavo','Alcazar','2001-06-07','Salud en movimiento','Sandra','+44 341 446-4008','Unión personal',NULL,270,10,'+44 341 446-4008'),(479,'23003824','F','MARIA ISABEL','MORASCA','1971-12-12','No','Marcela Ruggeri','+44 341 398-6100','Urgencias',NULL,270,10,'+44 341 398-6100'),(480,'27345120','M','Gustavo Javier','Graziosi','1979-04-28',NULL,'Sebastian Nicolelli','+44 3464 44-0684','Sancor',NULL,343,10,'+44 3464 44-0684'),(481,'29184925','M','Diego','Toledo','1981-06-12',NULL,'Viviana','+44 341 481-1099','Uta',NULL,270,10,'+44 341 481-1099'),(482,'24152755','M','Sebastian','Fabre','1975-01-08',NULL,'Lorena','+44 341 334-3411','Omint',NULL,270,10,'+44 341 334-3411'),(483,'30220661','F','Veronica','Mansilla','1983-04-01',NULL,'Horacio','+44 3491 68-9038','Federada salud',NULL,346,10,'+44 3491 68-9038'),(484,'36965314','M','Cristian','Casero','1991-12-30',NULL,'Vanesa','+44 341 684-3814','OSECAC',NULL,270,10,'+44 341 684-3814'),(485,'18593341','M','Jose Daniel','Carnevale','1967-05-09',NULL,'María caciorgna','+44 341 690-9989','Ospac plan b',NULL,270,10,'+44 341 690-9989'),(486,'22118496','F','Cecilia','Marchena','1970-11-25',NULL,'Dario','+44 341 498-3336','Osde',NULL,270,10,'+44 341 498-3336'),(487,'28215778','M','Esteban','Ramirez','1980-04-11',NULL,'Maria','+44 341 664-8944','Osde',NULL,270,10,'+44 341 664-8944'),(488,'36716243','M','Mauro Leonel','Obregon','1991-10-29',NULL,'Mauro','+44 341 393-9149','Swiss Medical',NULL,270,10,'+44 341 393-9149'),(489,'20985358','M','Lisandro','Campanella','1968-05-01','L&A training Team','Veronica yocco','+44 341 693-8669','Britanica salud',NULL,270,10,'+44 341 693-8669'),(490,'32936344','F','Laura','Riquelme','1986-06-17','Entrenos','Nilda mascheroni','+44 341 491-4904','OSCEARA',NULL,307,10,'+44 341 491-4904'),(491,'32542009','M','Lucio','Martínez','1986-06-19',NULL,'Alejandra','+44 341 619-8983','OSDE',NULL,270,10,'+44 341 619-8983'),(492,'34760910','M','Ivo Medrano','Medrano','1989-11-01',NULL,'María Belen Tardella','+44 3493 44-8119','Jerárquicos Salud',NULL,270,10,'+44 3493 44-8119'),(493,'42864829','M','Felipe','Candia','2000-05-17',NULL,'Carmen','+44 341 613-0983','Nn',NULL,270,10,'+44 341 613-0983'),(494,'21567037','F','Monica Liria','Curi','1969-12-23',NULL,'Emerson Serra','+44 343 433-8818','Swiss Medical',NULL,251,10,'+44 343 433-8818'),(495,'30163404','M','Mariano','Bonifasi','1982-11-27',NULL,'Eduardo','+44 341 614-3111','Swiss medical',NULL,270,10,'+44 341 614-3111'),(496,'17737166','M','Maria','Lassalle','1965-04-05',NULL,'María','+44 11 4414-3499','Austral',NULL,215,10,'+44 11 4414-3499'),(497,'26140085','M','LUCAS','Martiñena','1977-05-23','Merrell','Melisa','+44 341 483-4166','Acá salud',NULL,270,10,'+44 341 483-4166'),(498,'27304210','F','María laura','Chiurchiu','1980-03-18','Club provincial','Agustín','+44 341 344-0313','Esencial',NULL,270,10,'+44 341 344-0313'),(499,'18753526','F','Monica','Gimenez','1967-10-28',NULL,'Dante Marandola','+44 341 308-9310','Osdop',NULL,270,10,'+44 341 308-9310'),(500,'22959184','M','leandro ariel','Britos','1972-03-30',NULL,'maria laura','+44 341 393-9644','demis salud',NULL,270,10,'+44 341 393-9644'),(501,'29580371','M','Sergio','Maruggi','1981-10-05',NULL,'Marina','+44 341 389-9483','Luz y fuerza',NULL,270,10,'+44 341 389-9483'),(502,'11874414','F','Graciela','Balmaceda','1955-01-28',NULL,'martin gonzalez','+44 3499 60-1913','pami',NULL,285,10,'+44 3499 60-1913'),(503,'18520723','F','Jaqueline','Solina','1967-07-26','ninguna','Marcelon Dedich','+44 3469 49-8399','CAJA FORENSE// EMERGER',NULL,270,10,'+44 3469 49-8399'),(504,'27994419','F','Ivana','Anchelevich','1979-09-08','L&A training Team','Gonzalo Del Valle','+44 341 310-9484','OSDE',NULL,270,10,'+44 341 310-9484'),(505,'12106431','M','juan','romano','1956-01-23',NULL,'leando ariel','+44 341 383-9984','pami',NULL,270,10,'+44 341 383-9984'),(506,'30907054','F','Silvana','Veron','1983-08-02',NULL,'Juan Manuel doin','+44 341 463-8644','Swiss médical',NULL,308,10,'+44 341 463-8644'),(507,'19005640','F','Gladys Fernanda','Romero','1967-12-14','Laera runningclub','Marcelo Encinas','+44 341 384-4994','SNR',NULL,270,10,'+44 341 384-4994'),(508,'28311905','M','Fernando','Alegre','1981-01-26','Vxm','Carina','+44 341 484-9413','Osiad',NULL,270,10,'+44 341 484-9413'),(509,'6468355','M','ISABELINO','Suarez','1943-06-19',NULL,'Maria Luisa Cechi','+44 341 344-8303','Pami',NULL,270,10,'+44 341 344-8303'),(510,'3413868356','M','Ezequiel','Carnovale','1983-10-09',NULL,'Mariela','+44 341 383-1494','TV salud',NULL,270,10,'+44 341 383-1494'),(511,'21955848','M','NESTOR','GALLO','1971-02-13','NO','GIULIANO GALLO','+44 341 309-1491','URG URGENCIAS',NULL,270,10,'+44 341 309-1491'),(512,'24784222','F','Roxana','Peri','1975-04-09',NULL,'Antonela','+44 341 684-1003','IAPOS',NULL,329,10,'+44 341 684-1003'),(513,'338744439','M','Kevin','Wolf','1995-01-10',NULL,'oscar','+44 341 313-9343','IAPOS',NULL,270,10,'+44 341 313-9343'),(514,'29961554','F','Lorena','Bondaz','1982-08-31','Movidita Saludable','Noelia','+44 341 619-1614','Osde',NULL,270,10,'+44 341 619-1614'),(515,'28598811','M','David Matias','Dellamea','1981-03-20',NULL,'Peretti marilin','+44 341 330-1964','Amc salud',NULL,270,10,'+44 341 330-1964'),(516,'17753288','F','Patricia','Locardi','1966-05-22','CEF 60 Ramallo','Nicolas Zabala','+44 3409 40-6661','OSAP',NULL,54074,10,'+44 3409 40-6661'),(517,'5046276','M','CARLOS RAUL','OGALLAR','1949-01-03',NULL,'DELIA MARTHA OGALLAR','+44 341 494-1394','OSDE',NULL,270,10,'+44 341 494-1394'),(518,'34504054','M','Maximiliano','Cuenca','1989-02-16',NULL,'Eva','+44 341 308-6399','Prevención salud',NULL,270,10,'+44 341 308-6399'),(519,'32969447','M','Maximiliano','Lucci','1986-11-29',NULL,'Gisela','+44 341 339-6446','Sancor Salud',NULL,270,10,'+44 341 339-6446'),(520,'32188684','F','Agustina rosario','Pulley','1985-07-21','Ironcata','Juan cicardini','+44 333 681-0339','Ioma',NULL,184,10,'+44 333 681-0339'),(521,'16827564','M','Sergio','Melano','1963-08-03','Correcaminos casilda','Gabriela lacoste','+44 341 400-0003','Iapos',NULL,343,10,'+44 341 400-0003'),(522,'23640792','M','Carlos guido','Diaz','1973-04-30','No','Cecilia castillo','+44 343 496-0494','Ospega',NULL,329,10,'+44 343 496-0494'),(523,'30446626','F','Daniela','Oliva','1983-05-26','CM Running Teems','Beatriz Oliva','+44 341 439-6643','Esencial',NULL,270,10,'+44 341 439-6643'),(524,'25748709','M','Andrés','Bassini','1976-07-23','Vamos X+ (Profe. Mauro Paglia)','Natalia Bernardi','+44 341 346-3949','Urgencias 4351111',NULL,270,10,'+44 341 346-3949'),(525,'35796743','F','Agustina','Nan','1990-09-29',NULL,'Facundo Mitre','+44 11 6944-3339','Avalian',NULL,270,10,'+44 11 6944-3339'),(526,'21884464','M','MARCELO','NAVONE','1970-08-19','Los del Urquiza','fernanda','+44 341 691-4303','Ciencia economicas',NULL,270,10,'+44 341 691-4303'),(527,'21340282','M','Marcelo Fabián','Israel','1969-06-01',NULL,'Karina Ramos','+44 341 399-3861','Medife',NULL,270,10,'+44 341 399-3861'),(528,'20574030','F','María luisa','Vera','1968-11-09','Gym full','Yamila segovia','+44 341 346-4403','Ciba',NULL,307,10,'+44 341 346-4403'),(529,'23729302','F','carina','recuero','1973-11-15','no','hugo','+44 341 640-1348','iapos',NULL,270,10,'+44 341 640-1348'),(530,'23324406','F','Karina Guadalupe','Ramos','1972-04-06',NULL,'Marcelo Israel','+44 341 699-0130','Swiss Medical',NULL,270,10,'+44 341 699-0130'),(531,'34737521','M','Bruno Javier','Amoroso','1989-04-13',NULL,'Sergio','+44 341 486-0043','Osseg',NULL,270,10,'+44 341 486-0043'),(532,'32422473','M','FRANCO','NAZUTTI','1986-11-04',NULL,'MAIA','+44 3404 43-3433','.',NULL,270,10,'+44 3404 43-3433'),(533,'35163497','M','Pablo','Esquef','1990-10-07',NULL,'Sandra Barbosa','+44 341 693-6964','Avalian',NULL,270,10,'+44 341 693-6964'),(534,'14827937','F','MONICA','GOMEZ CARRIZO','1960-08-01',NULL,'FRANCO DISCACIATI','+44 341 496-3394','iapos',NULL,286,10,'+44 341 496-3394'),(535,'21266030','M','Gustavo Ramon','Lencina','1969-06-07',NULL,'Stella Maris Villalobo','+44 341 494-6149','Sancor Salud',NULL,270,10,'+44 341 494-6149'),(536,'23826782','M','Edgar','Marquez','1974-03-10',NULL,'Maria toranzo','+44 3463 31-0098','Luis pasteur',NULL,236,10,'+44 3463 31-0098'),(537,'24176066','F','Mónica Gabriela','Benitez','1974-05-10',NULL,'Sergio Bernardi','+44 341 464-1436','IMA',NULL,307,10,'+44 341 464-1436'),(538,'36116147','F','Noelia','Battaglia','1990-11-01',NULL,'Irma gutierrez','+44 341 340-9086','Osdop',NULL,54040,10,'+44 341 340-9086'),(539,'34638853','M','Andres','Roitberg','1989-02-22',NULL,'Paula molina','+44 341 661-8944','Consejo ciencias económicas Rosario',NULL,270,10,'+44 341 661-8944'),(540,'29716377','M','Jorge daniel','Colazo','1982-11-16','No','Jorge colazo','+44 341 461-8399','Intermedivina',NULL,270,10,'+44 341 461-8399'),(541,'17153384','M','hugo','CASILE','1964-04-22',NULL,'carina','+44 341 693-8114','Iapos',NULL,270,10,'+44 341 693-8114'),(542,'30579977','M','Cels0','DOMÍNGUEZ','1983-04-11',NULL,'Verónica','+44 341 669-0188','Uom',NULL,270,10,'+44 341 669-0188'),(543,'36708127','M','Nelson','Callavez','1993-03-03',NULL,'Facundo sena','+44 11 6803-8049','Si',NULL,362,10,'+44 11 6803-8049'),(544,'35877114','F','eliana','destefani','1990-09-04','no','Miguel Destefani','+44 341 334-4439','bassi',NULL,270,10,'+44 341 334-4439'),(545,'26530628','F','Estefania','Compañy','1978-02-11','VX+','Cristian Villarreal','+44 3464 68-4413','Iapos',NULL,343,10,'+44 3464 68-4413'),(546,'26084306','F','Gisela','Medina','1977-04-08',NULL,'Pablo','+44 11 4338-6690','Avalian',NULL,270,10,'+44 11 4338-6690'),(547,'12410132','M','Daniel César','Ricci','1956-11-30',NULL,'Fabio Ricci','+44 341 690-3086','Obra Social UNR',NULL,270,10,'+44 341 690-3086'),(548,'14993087','F','Rosi','arocha','1962-02-01',NULL,'lucia','+44 341 480-4448','pami',NULL,270,10,'+44 341 480-4448'),(549,'29991234','M','Gerardo','Surjus','1983-04-13',NULL,'Silvina Moyano','+44 341 314-3403','OSSEG',NULL,270,10,'+44 341 314-3403'),(550,'30957804','F','Marina Soledad','Orona','1984-04-26',NULL,'Carlos Candia','+44 341 311-4999','Ninguna',NULL,270,10,'+44 341 311-4999'),(551,'31195149','M','Guillermo','Biondini','1984-03-26',NULL,'Ivana Antonilli','+44 341 664-9943','Avalian',NULL,270,10,'+44 341 664-9943'),(552,'33081088','M','Orlando','Maraz','1981-08-15','Ninguna','Melillo Ernesto','+44 11 4603-1144','Swiss medical',NULL,54328,10,'+44 11 4603-1144'),(553,'29988270','F','marisol','farias','1982-04-03','No','Alcides','+44 341 398-9936','No',NULL,307,10,'+44 341 398-9936'),(554,'22794575','M','Fernando José','Pereiro','1971-11-21','CM Running Teems','Andres Clemente','+44 341 481-4449','Cedim',NULL,270,10,'+44 341 481-4449'),(555,'25984135','F','Virginia','Ferreyra','1977-04-04','Club remeros alberdi','Mabel dona','+44 341 444-4363','Ospac',NULL,270,10,'+44 341 444-4363'),(556,'35455168','F','Josefina','Maroni','1990-03-14','No','Fabiana Otane','+44 3468 64-9116','OSDE',NULL,270,10,'+44 3468 64-9116'),(557,'18321322','M','Adrian Diego','Ferreyra','1966-07-12',NULL,'Erika','+44 341 643-3860','SMAI EPE',NULL,270,10,'+44 341 643-3860'),(558,'34689097','M','Andres Marcelo','Gauna','1989-08-08','No','Fabiana Otane','+44 3468 64-9116','Federada Salud',NULL,270,10,'+44 3468 64-9116'),(559,'32237513','M','Alejo','Cámpora','1986-01-23',NULL,'Silvina','+44 341 364-4433','osdop',NULL,270,10,'+44 341 364-4433'),(560,'28891909','F','Marcela','Balbi','1980-11-14',NULL,'Marcela','+44 341 661-9991','unr',NULL,270,10,'+44 341 661-9991'),(561,'18312390','M','José Luis','Heinzen','1966-04-07',NULL,'Martina Miszczuk','+44 341 339-4490','IAPOS',NULL,270,10,'+44 341 339-4490'),(562,'14062454','M','NESTOR HORACIO','CARRAZZONI','1960-02-22','PAN AMERICAN ENERGY','ALICIA  ESTIGARRIBIA','+44 341 364-4640','OSDE',NULL,270,10,'+44 341 364-4640'),(563,'29082489','M','Tomas','Bondino','1981-06-10',NULL,'Ignacio Bondino','+44 341 313-0908','Osde',NULL,270,10,'+44 341 313-0908'),(564,'23054964','M','Cristian','Ledesma','1972-12-05',NULL,'Alejandra','+44 341 391-4946','Integral salud',NULL,270,10,'+44 341 391-4946'),(565,'29461484','M','Luciano','Turco','1982-07-09',NULL,'Lorena Sanchez','+44 341 619-3360','Avalian',NULL,270,10,'+44 341 619-3360'),(566,'29538129','F','María Alejandra','Pedraza','1982-06-20',NULL,'Alexis leiva','+44 341 696-0386','No',NULL,26473,10,'+44 341 696-0386'),(567,'17773832','M','Fabian','Cuixart','1965-10-05','Rosario Calle y Pista','Liliana','+44 341 314-8049','Ecco',NULL,270,10,'+44 341 314-8049'),(568,'29267429','M','Diego','Bonomini','1981-04-26',NULL,'Priscila Bonomini','+44 341 394-4349','OSPE',NULL,270,10,'+44 341 394-4349'),(569,'31501999','F','Melina','García','1984-09-09',NULL,'Gonzalo Basse','+44 341 634-3840','Ecco',NULL,270,10,'+44 341 634-3840'),(570,'24169637','F','valeria','Perezcatelli','1974-08-07',NULL,'lobato adrian cesar','+44 11 4604-1448','osba',NULL,360,10,'+44 11 4604-1448'),(571,'29985529','M','SEBASTIAN','CHILL','1983-01-13',NULL,'Mariangeles Pendino','+44 341 364-9106','avalian',NULL,270,10,'+44 341 364-9106'),(572,'22703036','M','Gabriel','Medina','1971-10-27',NULL,'Noelia campoy','+44 341 693-3938','Esencial',NULL,270,10,'+44 341 693-3938'),(573,'22356671','M','lucas','ameriso','1970-11-10','diario la capital de rosario','georgina sbarra','+44 341 403-9933','urgencias',NULL,270,10,'+44 341 403-9933'),(574,'96115211','M','Alejandro','Romero','1992-10-19',NULL,'Kisbelys Nelo','+44 341 343-3146','Federada',NULL,270,239,'+44 341 343-3146'),(575,'14841008','M','MIGUEL RAMON','GOMEZ','1961-06-11','CRONOS ATLETISMO','CARMEN CHARRAS','+44 341 613-9063','uomra',NULL,270,10,'+44 341 613-9063'),(576,'32336883','M','Cristian Martin','Barreiro','1986-03-04',NULL,'Maira ruiz','+44 333 668-4699','Avalian',NULL,53849,10,'+44 333 668-4699'),(577,'22756970','M','Javier','Olocco','1972-09-13',NULL,'Cecilia','+44 341 490-4406','Swiss medical',NULL,270,10,'+44 341 490-4406'),(578,'23861944','F','Romina Carol','Jenkins','1974-02-23','Óscar Ramos Team','Analía Quiroga','+44 341 419-0336','Ninguna',NULL,54040,10,'+44 341 419-0336'),(579,'14093549','F','Ana','Campos','1956-08-29','Cronos Atletismo','Juan josé Tori','+44 341 400-0333','PAMI',NULL,270,10,'+44 341 400-0333'),(580,'28892493','M','Mauro Omar','Barrera','1981-01-22','Rosario calle y pista','Adriana','+44 341 444-1943','Andar visitar',NULL,270,10,'+44 341 444-1943'),(581,'31244567','F','Sabrina Noelia','Combina','1984-03-16','No','Hector','+44 3491 44-8484','Sancor salud',NULL,346,10,'+44 3491 44-8484'),(582,'33986630','M','Edgardo Ernesto','Reichhardt','1988-05-21',NULL,'Leila bondi','+44 341 314-8434','Osdepym',NULL,270,10,'+44 341 314-8434'),(583,'20298850','F','Analia','Quiroga','1968-02-14','No','Romina Jenkins','+44 341 408-4344','Urgencias',NULL,270,10,'+44 341 408-4344'),(584,'34967903','F','Mariela','Vallejos','1989-09-09','Cronos atletismo','Ari cronos','+44 341 661-8398','Previnca salud',NULL,270,10,'+44 341 661-8398'),(585,'46085431','M','Lautaro','Marvulli','2004-09-07',NULL,'Fernando Marvulli','+44 341 363-8348','Iapos',NULL,54040,10,'+44 341 363-8348'),(586,'20377566','M','diego','brachetta','1969-06-19','L&A training team','mariana schiavetti','+44 341 303-3619','osde',NULL,270,10,'+44 341 303-3619'),(587,'38633628','F','Noelia Penélope','Gorosito','1994-08-01','Rosario Calleypista','Diego Pinto','+44 341 614-6919','Eswncual6',NULL,270,10,'+44 341 614-6919'),(588,'19287721','M','RAMON','BENITEZ','1975-12-05',NULL,'ARIADNA SOSA','+44 341 684-1303','IAPOS',NULL,308,10,'+44 341 684-1303'),(589,'34598378','M','Gustavo','Darras','1989-03-31','No','Ruben','+44 343 494-4809','Obra social del caucho',NULL,247,10,'+44 343 494-4809'),(590,'27088034','M','DIEGO JAVIER','HORCADA','1978-04-30',NULL,'LUISA','+44 341 444-8384','BRITANICA',NULL,270,10,'+44 341 444-8384'),(591,'17980478','M','DIEGO JORGE','DOMINGUEZ','1965-08-06',NULL,'JERONIMA DOMINGUEZ','+44 336 430-8431','particular',NULL,256,10,'+44 336 430-8431'),(592,'13640651','M','FERNANDO DANIEL','CRISTOFARO','1959-08-24',NULL,'BEATRIZ','+44 341 643-9331','GALENO',NULL,270,10,'+44 341 643-9331'),(593,'31459978','M','ignacio','martin','1985-02-21',NULL,'josé','+44 341 484-4930','Osde',NULL,270,10,'+44 341 484-4930'),(594,'32027418','M','Adrian','Vazquez','1985-02-03',NULL,'Andrea pizzolato','+44 341 339-1899','Sancor salud',NULL,270,10,'+44 341 339-1899'),(595,'41863813','M','Matías','Aranda Acosta','1999-04-14',NULL,'Irma','+44 341 394-0630','Ipan',NULL,270,10,'+44 341 394-0630'),(596,'32466829','M','Matías Javier','Alvarez','1985-12-16',NULL,'Vanesa','+44 9 3464 44-4439','Galeno',NULL,270,10,'+44 9 3464 44-4439'),(597,'16445714','F','Andrea','Cortés','1963-03-13','Running Cap','Stefano Cardella','+44 341 344-0934','Ospac',NULL,270,10,'+44 341 344-0934'),(598,'33194931','M','NICOLAS','BOGLIETTI','1987-02-02','ROSARIO CALLE Y PISTA','MARIA ROSA DALMASSO','+44 3463 49-4436','AVALIAN AS204',NULL,236,10,'+44 3463 49-4436'),(599,'34373930','F','Pamela Soledad','Forastieri','1988-09-11',NULL,'Cristian Roldan','+44 341 314-0064','OSUNR',NULL,270,10,'+44 341 314-0064'),(600,'20818591','M','ANDRES','ALMEYDA','1969-01-16',NULL,'ROSSI BETINA','+44 3491 60-4684','IAPOS',NULL,346,10,'+44 3491 60-4684'),(601,'23450599','F','Caro','Chaves','1973-05-25','No','Pablo Lescano','+44 336 439-9333','Osuonra',NULL,256,10,'+44 336 439-9333'),(602,'11223688','M','Ángel santo','Oviedo','1953-10-30',NULL,'Dario','+44 341 643-4963','Pami',NULL,270,10,'+44 341 643-4963'),(603,'32835550','M','Alejandro','Dorsch','1987-04-09',NULL,'Pamela Bandi','+44 3491 49-3436','Osde',NULL,346,10,'+44 3491 49-3436'),(604,'20405544','F','Belkis','Ferrero','1968-07-16',NULL,'Alfredo Moscatello','+44 341 669-4493','Apta',NULL,270,10,'+44 341 669-4493'),(605,'18047614','M','HECTOR GABRIEL','BOGADO','1966-11-18',NULL,'LUCIA BOGADO','+44 341 331-3086','IAPOS',NULL,270,10,'+44 341 331-3086'),(606,'25012339','F','Cecilia','Cervera','1976-05-14',NULL,'Sebastián barolin','+44 341 638-6389','Osuna',NULL,26511,10,'+44 341 638-6389'),(607,'35362637','M','Gonzalo','San Martin','1990-07-04',NULL,'Micaela sorribes','+44 341 449-6183','Avalian',NULL,270,10,'+44 341 449-6183'),(608,'24278769','M','MARCOS','ARGÜELLO','1974-03-27',NULL,'LUCIANA VETERE','+44 3491 69-8194','alianza medica',NULL,346,10,'+44 3491 69-8194'),(609,'30187068','F','Carolina','Baclini','1978-08-18',NULL,'Flor','+44 341 433-3940','Esencial',NULL,270,10,'+44 341 433-3940'),(610,'33271436','M','FABIAN','comini','1984-06-27',NULL,'Lidia Elida Comini','+44 341 399-9944','medife',NULL,270,10,'+44 341 399-9944'),(611,'31376430','M','Pablo','Gnesetti','1985-01-27',NULL,'Luisina Zeitter','+44 341 941-9093','Urgencias',NULL,270,10,'+44 341 941-9093'),(612,'23493701','M','Aldo','Cespedes','1973-05-20',NULL,'Majo','+44 343 430-9638','Esencial',NULL,270,10,'+44 343 430-9638'),(613,'32204022','F','Mariana','Taglioli','1985-07-20','Rosario Team','Silvina Vaghetti','+44 341 430-9333','Osde',NULL,270,10,'+44 341 430-9333'),(614,'27565278','M','WALTER','AVIGLIANO','1979-03-22','SDG','Carina vega','+44 341 683-1396','Esencial',NULL,26443,10,'+44 341 683-1396'),(615,'37396825','M','Hernan','Ayala','1992-04-08',NULL,'Daniel schwarsztein','+44 341 393-9091','Esencial',NULL,270,10,'+44 341 393-9091'),(616,'40098695','F','Yamila','Solid','1995-09-08',NULL,'Gonzalo','+44 341 399-1336','No',NULL,270,10,'+44 341 399-1336'),(617,'29224449','M','Silvio','Aguirre','1981-10-31',NULL,'Griselda','+44 341 396-6034','Ninguna',NULL,270,10,'+44 341 396-6034'),(618,'35605201','M','Sergio','Gimenez','1990-06-12',NULL,'Sergio','+44 341 303-9931','Avalian',NULL,270,10,'+44 341 303-9931'),(619,'31198984','M','Carlos','Candia','1983-11-14',NULL,'Marta','+44 341 313-4399','Esencial',NULL,270,10,'+44 341 313-4399'),(620,'39515268','M','Gabriel Jesus','Viola','1995-04-24',NULL,'Nicole Sanabria','+44 396 433-4061','Iapos',NULL,26545,10,'+44 396 433-4061'),(621,'25782713','M','Sebastian','Pacenti','1977-04-11','UNIVERSIDAD DEL GRAN ROSARIO','Savino jesica','+44 341 666-9331','UNR',NULL,270,10,'+44 341 666-9331'),(622,'33668655','M','Andrés','Gnesetti','1987-12-28',NULL,'Romina','+44 341 644-1648','Osdop',NULL,270,10,'+44 341 644-1648'),(623,'28070574','F','DANIELA GRACIELA','PUSILLICO','1979-12-12',NULL,'GERMAN BRIANI','+44 341 639-3333','CAJA FORENSE',NULL,307,10,'+44 341 639-3333'),(624,'41655086','F','Sofia','Gonzalez','1998-08-10','Ninguna','Marta','+44 341 639-4981','No',NULL,270,10,'+44 341 639-4981'),(625,'29446373','F','Verónica Andrea','Miño','1981-08-24','Gym Full','Sergio Obregón','+44 341 444-3084','Hospital Eva Peron',NULL,307,10,'+44 341 444-3084'),(626,'23623208','M','Manuel','Sarba','1974-03-22',NULL,'Flores Silvia','+44 341 646-4940','Sancor',NULL,270,10,'+44 341 646-4940'),(627,'12688915','M','julio','mesa','1956-10-08',NULL,'farias beatriz','+44 341 616-3944','iapos',NULL,270,10,'+44 341 616-3944'),(628,'35872225','M','Franco','Palacio','1991-04-27',NULL,'Mariangeles','+44 341 310-3338','AMR',NULL,270,10,'+44 341 310-3338'),(629,'20481943','F','Claudia','Fernández','1969-01-17',NULL,'Sabrina','+44 341 394-9684','No',NULL,308,10,'+44 341 394-9684'),(630,'22372022','F','Betina','Rossi','1971-08-15',NULL,'Andrés Almeyda','+44 3491 44-3943','Iapos',NULL,346,10,'+44 3491 44-3943'),(631,'36470822','M','Maximiliano','Pérez alemany','1991-09-04','No','Adan','+44 3496 49-4446','Iapos',NULL,54040,10,'+44 3496 49-4446'),(632,'34246159','M','Emiliano','Avellaneda','1988-10-01',NULL,'Fernando  Avellaneda','+44 341 696-3409','Esencial',NULL,270,10,'+44 341 696-3409'),(633,'24103337','F','Maria Lorena','Bellotti','1974-09-04',NULL,'Miguel tucci','+44 341 390-6343','Iapos',NULL,270,10,'+44 341 390-6343'),(634,'22110951','M','Andrés Mario','Tanno','1970-10-20','Club Regatas Rosario.','Andrea Turi','+44 341 690-3364','Osde',NULL,270,10,'+44 341 690-3364'),(635,'21613371','F','Andrea','Turi','1970-03-11','Club Regatas Rosario','Andrés Mario Tanno','+44 341 411-6063','OSUNR',NULL,270,10,'+44 341 411-6063'),(636,'2567572','F','Matias Octavio Ademar','Aranda Acosta','2001-08-18',NULL,'Clara','+44 341 394-0630','April International',NULL,270,75,'+44 341 394-0630'),(637,'29333424','M','David','Giovanon','1981-11-30',NULL,'Yohana Marmai','+44 341 393-1001','Swiss',NULL,26511,10,'+44 341 393-1001'),(638,'28194826','M','Ramon Luis','Gimenez','1980-01-27','tino33gimenez@hotmail.com','Angélica zalazar','+44 361 643-3498','Iosfa',NULL,54156,10,'+44 361 643-3498'),(639,'31344130','M','Cristian Sebastián','Rodríguez','1984-08-25',NULL,'Cecilia Perez','+44 341 641-6380','Obra social camioneros',NULL,270,10,'+44 341 641-6380'),(640,'31511985','F','Irene Ruiz diaz','Díaz','1984-12-17',NULL,'Juan','+44 341 496-4469','No tengo',NULL,270,10,'+44 341 496-4469'),(641,'22289162','M','Alfredo','Corallo','1971-03-26',NULL,'Carolina','+44 341 314-8199','OSDE',NULL,270,10,'+44 341 314-8199'),(642,'29329074','M','mario','bravo','1981-12-23',NULL,'Vanesa Martinez','+44 341 306-6169','Osde',NULL,270,10,'+44 341 306-6169'),(643,'23238020','F','Carolina Mercedes','Lopez','1973-01-11',NULL,'Alfredo','+44 341 319-4486','osde',NULL,270,10,'+44 341 319-4486'),(644,'29563737','F','carolina','arce','1982-01-22',NULL,'Mauricio Ferrari','+44 341 606-4416','Iapos',NULL,270,10,'+44 341 606-4416'),(645,'29738169','M','Jorge','Jonatan','1982-09-19','No','Norma cerve','+44 343 443-1434','Iapos',NULL,251,10,'+44 343 443-1434'),(646,'22592112','F','Estela','Espindola','1971-09-18',NULL,'Diego','+44 341 311-4849','Unión personal',NULL,270,10,'+44 341 311-4849'),(647,'31715227','F','Erica Melina','Torres','1985-04-16',NULL,'Patricia','+44 341 430-8646','Osde',NULL,270,10,'+44 341 430-8646'),(648,'20415372','F','María laura','Stramazzo','1968-10-29','Rosario team','Gerardo','+44 341 403-8438','Swiss medical',NULL,270,10,'+44 341 403-8438'),(649,'43905556','M','Salvador','Gorosito','2002-01-15','Rosario Calleypista','Penélope Gorosito','+44 341 346-3396','Osuthgra',NULL,270,10,'+44 341 346-3396'),(650,'27554207','F','VANESA','SETTIMO','1979-10-04',NULL,'LIONEL','+44 341 340-4863','ECCO',NULL,270,10,'+44 341 340-4863'),(651,'18437874','F','Sandra','Comparetto','1967-06-16',NULL,'Evelin','+44 341 393-4836','Swis medical',NULL,270,10,'+44 341 393-4836'),(652,'30892607','F','Lorena Paola','Rolón','1983-11-10',NULL,'Alba Roldan','+44 341 663-6969','Osde',NULL,270,10,'+44 341 663-6969'),(653,'5950819','M','Luis Angel','Di Pascual','1948-10-10',NULL,'Agustina','+44 341 481-3999','PAMI',NULL,270,10,'+44 341 481-3999'),(654,'8803655','M','Ricardo','Gastaldo','1951-01-09',NULL,'Marta Manmros','+44 341 493-3343','IAPOS',NULL,270,10,'+44 341 493-3343'),(655,'30808074','F','JULIETA ANALIA','ROJAS','1984-02-10',NULL,'MIGUEL ANGEL FATTORE','+44 341 691-3933','osde',NULL,270,10,'+44 341 691-3933'),(656,'17222084','M','Antonio Rubén','Cejas','1964-11-23',NULL,'Iris','+44 341 600-0880','Ciba',NULL,270,10,'+44 341 600-0880'),(657,'44141194','F','Janet Priscila','Lemos','2001-11-12',NULL,'Mariela','+44 341 638-1863','Andar',NULL,270,10,'+44 341 638-1863'),(658,'34296417','F','Eugenia','Furno','1990-05-13',NULL,'Alejandro Palarich','+44 3383 40-9369','Federada Salud',NULL,270,10,'+44 3383 40-9369'),(659,'22864452','M','Germán','Pogliani','1972-09-26','Grupo EffectM','Marina','+44 341 691-6301','SanCor salud',NULL,270,10,'+44 341 691-6301'),(660,'31004046','M','Dante','Bonaldi','1983-12-07','La Capital','Stella galimberti','+44 341 448-4393','Ospro',NULL,270,10,'+44 341 448-4393'),(661,'23483440','M','Gerardo','Seghezzo','1973-07-30',NULL,'Maria Alejandra Garcia','+44 341 310-0968','OSDE 210',NULL,270,10,'+44 341 310-0968'),(662,'24864525','M','MARTIN','PALERMO','1976-04-17','ARMONIA','SILVANA','+44 3464 48-4409','OSECAC',NULL,343,10,'+44 3464 48-4409'),(663,'14650392','M','Fabio Ariel','Marusso','1960-12-19',NULL,'Vivina Fizzani','+44 341 643-8360','Jerarquicos Salud',NULL,270,10,'+44 341 643-8360'),(664,'37586130','F','Nadia Andrea','Ramírez','1993-04-21',NULL,'Juan carlos','+44 341 419-1336','UNR',NULL,270,10,'+44 341 419-1336'),(665,'26985722','F','Gabriela','Tambascia','1978-09-19','No','Sergio del re','+44 341 460-0913','Alianza medica',NULL,270,10,'+44 341 460-0913'),(666,'23160589','M','Adrián elvio','Lopez','1972-10-04','RFL-RUNNING-FUNES','Alejandra','+44 341 644-4183','Ecco',NULL,26511,10,'+44 341 644-4183'),(667,'30666120','M','Hugo','Ruiz Diaz','1983-05-26',NULL,'Valeria soda','+44 341 490-4389','Elevar',NULL,270,10,'+44 341 490-4389'),(668,'23472578','F','Tania Camila','Roimeser','1972-10-21',NULL,'Jorge Tejedor','+44 341 400-9969','Caja Forense',NULL,270,10,'+44 341 400-9969'),(669,'38497052','F','Paula','Meinero','1994-08-07',NULL,'Matias Ferrari','+44 341 348-0048','Federada Salud',NULL,270,10,'+44 341 348-0048'),(670,'21976369','M','Alexis','Sattler','1970-11-24',NULL,'Lucio Sattler','+44 341 494-1834','Osde',NULL,270,10,'+44 341 494-1834'),(671,'33280621','M','Hector ismael','Montenegro','1987-01-22',NULL,'Montenegro gabriel','+44 341 634-4601','Femesfe/oscoema',NULL,270,10,'+44 341 634-4601'),(672,'26880821','F','Silvana','Carlucci','1978-07-16',NULL,'Mauro','+44 341 616-8831','osde binario',NULL,270,10,'+44 341 616-8831'),(673,'25430766','M','Nicolas','Colacrai','1976-06-28',NULL,'Mauro','+44 341 616-8831','osde binario',NULL,270,10,'+44 341 616-8831'),(674,'4552083','F','Marta susana','Sarco','1941-02-27',NULL,'Natalia Acuña.','+44 341 641-9919','Pami',NULL,270,10,'+44 341 641-9919'),(675,'40272620','F','Noemí','Benegas','1997-04-13',NULL,'Agustin Monaco','+44 341 619-3646','Esencial',NULL,270,10,'+44 341 619-3646'),(676,'26751426','M','GUSTAVO','BUIGUES','1978-12-22',NULL,'Analia buigues','+44 341 499-8969','Industria y el transporte',NULL,270,10,'+44 341 499-8969'),(677,'30508524','M','Lisandro','Ibáñez','1983-05-16',NULL,'Verónica','+44 341 663-8944','Swiss medical',NULL,270,10,'+44 341 663-8944'),(678,'18902554','M','luis','gutierrez','1967-11-14',NULL,'Valentina','+44 341 303-3409','osde',NULL,270,10,'+44 341 303-3409'),(679,'10613850','M','Mario','Baetti','1952-04-03',NULL,'Laura Henning','+44 341 309-0090','Omint',NULL,270,10,'+44 341 309-0090'),(680,'18723861','M','Lucio','Rodriguez','1967-12-13',NULL,'Agustina Rodriguez','+44 341 449-1893','Avalian',NULL,270,10,'+44 341 449-1893'),(681,'22975818','F','Gabriela','Soffiantini','1972-10-04',NULL,'Agustina Rodriguez','+44 341 449-1893','Avalian',NULL,270,10,'+44 341 449-1893'),(682,'21553677','M','Jorge','Ponce','1970-01-13',NULL,'Daiana','+44 341 491-0109','Obra social uthgra',NULL,270,10,'+44 341 491-0109'),(683,'31843248','M','Alejandro','Orué Martins','1985-06-15',NULL,'Mariana','+44 341 649-1808','Iapos',NULL,270,10,'+44 341 649-1808'),(684,'21180029','M','Dimack','Reyt','1969-03-22',NULL,'Lili','+44 341 440-8660','Ospac',NULL,270,10,'+44 341 440-8660'),(685,'26981959','M','Leonel','Rodríguez','1979-06-09','Agrupación lomo dorado','Tomas','+44 3496 63-4919','Esencia',NULL,251,10,'+44 3496 63-4919'),(686,'45575706','F','Lucila Aylen','Pare','2004-01-12','Zona 4 Entrenamientos','Patricia cattalini','+44 3496 49-1130','Swiss medical',NULL,54040,10,'+44 3496 49-1130'),(687,'36408585','F','Giuliana','Russo','1991-10-30',NULL,'Ezequiel','+44 341 619-3406','Osde',NULL,270,10,'+44 341 619-3406'),(688,'31704423','M','Ezequiel','Fiorito','1985-01-09',NULL,'Giuliana','+44 341 440-3130','Osde',NULL,270,10,'+44 341 440-3130'),(689,'16903596','M','Jose Humberto','Kruel','1963-10-29',NULL,'Viviana Nitri','+44 341 690-8988','IAPOS',NULL,270,10,'+44 341 690-8988'),(690,'13863976','M','Néstor Rubén','Ludueña','1960-01-27','Sacchi','Carina dorado','+44 341 399-3833','Andar',NULL,270,10,'+44 341 399-3833'),(691,'37882312','M','Martín','Puccio','1992-08-06',NULL,'Liliana Arce vega','+44 341 308-9394','Osdepin',NULL,270,10,'+44 341 308-9394'),(692,'26153780','F','Magdalena','Caviglia','1977-04-12',NULL,'Eber Mauricio Fior','+44 341 303-3004','Osde',NULL,270,10,'+44 341 303-3004'),(693,'14919378','M','daniel','beltran','1962-03-31','CUCHULINOS  TEMM','Rita','+44 341 496-0309','Jerarquicos Salud',NULL,270,10,'+44 341 496-0309'),(694,'35103494','F','Mariana Anabel','Soda','1990-06-21',NULL,'Mirta','+44 341 684-0399','Ciba',NULL,212,10,'+44 341 684-0399'),(695,'23301398','M','Gustavo Adrián','Cooreman','1972-08-30',NULL,'Celaya Maria Laura','+44 341 486-4999','4351111',NULL,270,10,'+44 341 486-4999'),(696,'39712962','M','Pablo','Molina','1996-03-01',NULL,'Carina Giolito','+44 341 331-4393','Osdop',NULL,270,10,'+44 341 331-4393'),(697,'21873524','M','Nestor','Martinez','1970-07-28',NULL,'Beatriz Ibalo','+44 341 414-9939','swiss medical',NULL,270,10,'+44 341 414-9939'),(698,'22764149','F','Milagros','Parodi','1972-05-29','Kona team','Carolina','+44 343 461-8683','IAPOs',NULL,251,10,'+44 343 461-8683'),(699,'10697553','M','Ricardo','Cano','1952-06-18','No','Pablo','+44 341 303-4043','Sivendia',NULL,270,10,'+44 341 303-4043'),(700,'32419947','M','Eduardo','Yocco','1985-08-26','No','Dora Ruiz Gómez','+44 341 693-6833','No',NULL,270,10,'+44 341 693-6833'),(701,'34847331','M','Víctor Jairo','Rosciszewski','1989-05-16','No','Paula Itati','+44 3944 49-0939','Iosfa',NULL,270,10,'+44 3944 49-0939'),(702,'24952862','F','Vanesa','Rivera','1975-08-01',NULL,'Hernán Liberatore','+44 341 391-4008','Ecco',NULL,270,10,'+44 341 391-4008'),(703,'41573771','F','Leila','Cáceres','1998-08-09',NULL,'Felix cáceres','+44 341 339-8331','Oeste',NULL,270,10,'+44 341 339-8331'),(704,'30301868','M','Claudio leandro sebastian','Rondolini','1982-12-08',NULL,'Cintia','+44 341 394-0330','Swiss medical',NULL,286,10,'+44 341 394-0330'),(705,'31339772','F','Lujan','Colman','1985-01-06',NULL,'Jose','+44 341 391-4898','Medimovil',NULL,286,10,'+44 341 391-4898'),(706,'24234717','M','Adrian','Saccone','1974-10-28',NULL,'Maria Laura Candusso','+44 341 346-6434','Swiss mediacl',NULL,270,10,'+44 341 346-6434'),(707,'30008234','F','Morena','Rolla','1982-12-28',NULL,'Bernabe','+44 341 660-8999','Ciencias económicas',NULL,270,10,'+44 341 660-8999'),(708,'23657047','F','MARIA CORAL','GIANCARELLI','1973-02-14',NULL,'SILVIO CARIMATTI','+44 343 410-3936','Jerarquicos Salud',NULL,251,10,'+44 343 410-3936'),(709,'37070958','F','Daniela','Godoy','1992-07-21',NULL,'Gabriela','+44 341 643-4009','No',NULL,270,10,'+44 341 643-4009'),(710,'31625273','M','Francisco jose','Gomez Duarte','1985-06-17','No','Rocio','+44 341 491-4316','Iapos',NULL,270,10,'+44 341 491-4316'),(711,'14457366','F','María Margarita','Luft','1960-12-15',NULL,'Nicole Sanabria','+44 396 433-4061','IPS Misiones',NULL,170,10,'+44 396 433-4061'),(712,'36667748','M','franco','olivera','1991-11-03',NULL,'adrian','+44 341 644-0419','osecac',NULL,270,10,'+44 341 644-0419'),(713,'34899398','F','Natalia','Tuttolomondo','1989-08-19',NULL,'Olga','+44 341 603-0930','Avalian',NULL,270,10,'+44 341 603-0930'),(714,'25284444','M','Nicolas','Harraca','1976-04-09',NULL,'Yanina chavez','+44 336 431-6841','Federada salud',NULL,256,10,'+44 336 431-6841'),(715,'26481789','M','Juan','Ponce','1978-01-30',NULL,'Natalia Cristaldo','+44 341 694-9199','Esencial',NULL,308,10,'+44 341 694-9199'),(716,'30384671','M','Marcos','Beloso','1983-06-02','No','Florencia','+44 341 384-1131','Esencial',NULL,308,10,'+44 341 384-1131'),(717,'28575070','F','Silvana','Romero','1981-01-07',NULL,'Mariano espindola','+44 3343 46-8989','Ioma',NULL,338,10,'+44 3343 46-8989'),(718,'11083220','F','Alicia','Lopez','1953-05-27','Cronos','Rocio','+44 341 313-1941','Pami',NULL,270,10,'+44 341 313-1941'),(719,'25722459','F','Romina','Torregiani','1976-11-16',NULL,'RUBEN Torregiani','+44 341 440-4118','4351111',NULL,26511,10,'+44 341 440-4118'),(720,'24437483','F','Luciana','D\'Angelo','1975-10-11',NULL,'Elena','+44 343 449-3349','Jerárquicos Salud',NULL,251,10,'+44 343 449-3349'),(721,'23753919','F','Griselda','Ferreyra','1973-04-03',NULL,'Damian santon','+44 341 300-1993','Iapos',NULL,307,10,'+44 341 300-1993'),(722,'33368159','M','Nicolás','Arenz','1987-08-06',NULL,'Mabel','+44 341 369-1131','OSECAC',NULL,270,10,'+44 341 369-1131'),(723,'33889047','M','Lucas','Duarte','1988-02-12',NULL,'Nadia','+44 341 393-9309','Mutualyf y UNR',NULL,270,10,'+44 341 393-9309'),(724,'37681999','M','Brian','Quiros','1993-08-31','Briannutriftness','Yamila','+44 341 638-9400','Iapos',NULL,286,10,'+44 341 638-9400'),(725,'32880825','M','Pablo','Godoy','1987-03-08','CM Running Team','María Inés Rodríguez','+44 3444 63-4134','Luis Pasteur',NULL,270,10,'+44 3444 63-4134'),(726,'35339407','F','Selva soledad','Osores','1990-01-13',NULL,'Ignacio gongora','+44 341 406-3169','Esencial',NULL,270,10,'+44 341 406-3169'),(727,'22462847','F','Luciana','Guzman','1971-03-09','Briannutriftness','Yamila','+44 341 638-9400','Oseca',NULL,286,10,'+44 341 638-9400'),(728,'31771052','M','Walter','Godoy','1985-01-01','-','Gisela','+44 341 334-8699','swiss medical',NULL,307,10,'+44 341 334-8699'),(729,'13564301','M','ALBERTO','JABBUR','1957-10-30',NULL,'STELLA','+44 341 493-3003','SWISS MEDICAL',NULL,26511,10,'+44 341 493-3003'),(730,'28423600','M','Pablo','Costacurta','1980-11-05',NULL,'Leilen','+44 341 403-9404','Avalian',NULL,270,10,'+44 341 403-9404'),(731,'37996653','M','Raul Alejandro','Chantiri Robles','1994-05-05',NULL,'Susana Robles','+44 341 343-3040','Avalian',NULL,270,10,'+44 341 343-3040'),(732,'34755445','F','Brenda','Aguero','1989-02-01',NULL,'Sirley','+44 3464 49-3431','Mutualyf',NULL,315,10,'+44 3464 49-3431'),(733,'33434735','M','lucas martin','aguilar','1987-07-08',NULL,'lucas','+44 341 391-4380','amsterdam',NULL,270,10,'+44 341 391-4380'),(734,'11290497','M','Jorge Victor','San Miguel','1954-03-27','Atenas','Carolina','+44 341 603-6913','Pami',NULL,270,10,'+44 341 603-6913'),(735,'25219534','M','Diego','Sosa','1975-09-03',NULL,'Graciela','+44 341 684-4190','Iapos',NULL,270,10,'+44 341 684-4190'),(736,'33754879','M','Franco','Marconi','1987-11-17',NULL,'María Eugenia','+44 341 349-3963','IAPOS',NULL,270,10,'+44 341 349-3963'),(737,'34386119','F','Maricel','Pascua','1989-02-10',NULL,'Lorena','+44 336 449-8698','Sancor Salud    659046/00',NULL,229,10,'+44 336 449-8698'),(738,'39750759','F','Nair Mailen','Secone','1997-03-09',NULL,'Marcia Sanchez','+44 3400 49-9369','Mutual acindar',NULL,229,10,'+44 3400 49-9369'),(739,'4482488','F','Marta Susana','Sarco','1941-02-27',NULL,'Adolfo Acuña','+44 341 410-1394','Pami',NULL,270,10,'+44 341 410-1394'),(740,'20784730','M','MARCELO ALDO','FERNANDEZ','1968-05-28',NULL,'CAROLINA','+44 3491 41-4644','IAPOS',NULL,346,10,'+44 3491 41-4644'),(741,'21017983','F','Claudia','Silva','1968-11-03','No','Claudia','+44 11 3343-1438','No',NULL,212,10,'+44 11 3343-1438'),(742,'25044079','F','Stella Maris','Villalobo','1976-04-03','No','Lencina Gustavo','+44 341 494-6936','Iapos',NULL,270,10,'+44 341 494-6936'),(743,'36123412','M','Danilo','Cravero','1991-05-29',NULL,'Lucas Spatola','+44 341 440-3394','Avalian',NULL,270,10,'+44 341 440-3394'),(744,'14897629','M','SANTO VICENTE','FRANCO','1962-04-18','NO','NOELIA FRANCO','+44 341 343-3833','SUTERIH',NULL,270,10,'+44 341 343-3833'),(745,'29651702','M','Juan Manuel','Tirado López','1982-08-08',NULL,'Itati López','+44 341 611-3690','OSPACARP',NULL,270,10,'+44 341 611-3690'),(746,'17749907','F','Rosana','Andres','1965-03-16',NULL,'valeria dubitzky','+44 341 619-6803','AMR',NULL,270,10,'+44 341 619-6803'),(747,'29600190','F','Marcelina Rosa','Nuñez','1981-12-28',NULL,'Rosa','+44 341 491-3640','no tiene',NULL,307,10,'+44 341 491-3640'),(748,'22155608','M','Gonzalo Ruben','Andres','1970-12-01',NULL,'valeria dubitzky','+44 341 619-6803','AMR',NULL,270,10,'+44 341 619-6803'),(749,'25880001','M','Cristian Martin','Céspedes','1976-11-27',NULL,'Cecilia Uría','+44 341 310-6431','Oeste',NULL,270,10,'+44 341 310-6431'),(750,'35211319','M','Cristian','Mendieta','1990-09-15',NULL,'Patricia','+44 341 684-4313','Andar',NULL,270,10,'+44 341 684-4313'),(751,'6453554','M','Norberto','Catalano','1948-11-13','ARDEC','Andrea Fainberg','+44 343 413-4939','PAMI',NULL,270,10,'+44 343 413-4939'),(752,'31697543','M','Mauro','Conzoli','1985-04-21',NULL,'Pamela vidal','+44 341 343-3486','Osdepim',NULL,270,10,'+44 341 343-3486'),(753,'24735550','F','Gabriela','Mertens','1975-06-27','Kona team','Jose Luis Lupis','+44 343 404-6199','Iapos',NULL,251,10,'+44 343 404-6199'),(754,'37935785','M','Cristian','Martinez','1993-11-20',NULL,'Maria','+44 389 499-9933','Iosfa',NULL,270,10,'+44 389 499-9933'),(755,'26000855','M','Pablo','Carbone','1977-07-02',NULL,'Juan Carlos Carbone','+44 341 440-4904','Esencial',NULL,270,10,'+44 341 440-4904'),(756,'21822845','M','OSCAR LUIS','sconfienza','1970-04-11',NULL,'Elisa señora','+44 341 313-6969','AMR',NULL,270,10,'+44 341 313-6969'),(757,'32690140','M','Lucas','Daniele','1986-09-28',NULL,'Moira Carboni','+44 341 684-9034','Galeno-oro',NULL,270,10,'+44 341 684-9034'),(758,'34317712','F','ANGELES','RANSDALE','1988-05-06',NULL,'PAMELA RANSDALE','+44 341 339-0894','FEDERADA / ECCO',NULL,270,10,'+44 341 339-0894'),(759,'25144469','F','Andrea','Santi','1976-06-05','No','Sebastián Grimblat','+44 341 404-8194','Osunr',NULL,270,10,'+44 341 404-8194'),(760,'17969456','F','Soraya','Yunis','1966-10-22','-','Natalia Rositto','+44 341 463-8463','particular',NULL,329,10,'+44 341 463-8463'),(761,'25963771','F','Cintia','Ullua','1977-09-22',NULL,'Cin','+44 341 649-4644','Osseg',NULL,270,10,'+44 341 649-4644'),(762,'27830724','F','Andrea','Barbetta','1980-01-08','Cmrunningteam','Aldo','+44 341 431-6314','Ciencias economicas',NULL,270,10,'+44 341 431-6314'),(763,'46128307','F','Micaela','Godoy','2004-02-24','no','Caren','+44 341 601-1903','iapos',NULL,270,10,'+44 341 601-1903'),(764,'25467708','M','Sebastian','Thomas','1976-06-24','Liferunningrosario','Matias','+44 341 409-1946','Paricular',NULL,270,10,'+44 341 409-1946'),(765,'18124790','F','Viviana','Guelves','1966-05-01',NULL,'Guadalupe','+44 341 309-0839','Pami',NULL,270,10,'+44 341 309-0839'),(766,'11704821','F','Guadalupe','Saavedra','1954-10-03',NULL,'Viviana','+44 341 313-0346','Pami',NULL,270,10,'+44 341 313-0346'),(767,'37988089','M','Lucas','Moretti','1993-12-20','Zona 4 Entrenamientos','Erica moretti','+44 3496 40-9944','Avalian',NULL,54040,10,'+44 3496 40-9944'),(768,'34466254','F','maite','gimenez','1989-06-17','no','maite.gimenez@hotmail.com','+44 341 390-0664','OSDE 210',NULL,270,10,'+44 341 390-0664'),(769,'40439554','F','Camila Belén','Otermin','1997-02-04',NULL,'Marisa Kees','+44 336 449-9934','Osde',NULL,270,10,'+44 336 449-9934'),(770,'25603628','F','Natalia','Franchi','1976-09-10',NULL,'Caren tortorici','+44 341 601-1903','Iapos',NULL,270,10,'+44 341 601-1903'),(771,'36760979','F','Anabel','Centurion','1992-11-11',NULL,'Joana cenTurion','+44 341 643-0893','Federada Salud',NULL,270,10,'+44 341 643-0893'),(772,'21484050','M','Gustavo Javier','Alarcón','1970-01-11',NULL,'Marcela Arano','+44 3496 63-9344','Medicina Esencial. Plan Plata',NULL,54040,10,'+44 3496 63-9344'),(773,'31557413','F','Camila','Tardio','1985-04-19',NULL,'German abad','+44 341 444-6193','Union personal',NULL,270,10,'+44 341 444-6193'),(774,'24189267','F','Laura Natalia','Di Pascual','1973-01-17',NULL,'Mariana','+44 341 691-9841','Ninguna',NULL,270,10,'+44 341 691-9841'),(775,'25008559','M','Rubén David','Balmaceda','1969-05-23','NO','NOEMI','+44 341 639-0044','IAPOS',NULL,270,10,'+44 341 639-0044'),(776,'43738738','M','Alexis','Mansilla','2001-11-05',NULL,'Mansilla Pablo Martin','+44 341 396-3333','Iapos',NULL,270,10,'+44 341 396-3333'),(777,'26194756','M','Ariel','Brigada','1977-05-04',NULL,'Paula Moretto','+44 3464 68-9146','UNR',NULL,343,10,'+44 3464 68-9146'),(778,'41198174','M','Lautaro emanuel','Almada','1998-02-11','Atenas running team y asociación rosarina de atletismo','Alejandra scutti','+44 341 491-4463','Jerárquicos salud',NULL,345,10,'+44 341 491-4463'),(779,'26432747','F','Janina','Dusso','1977-08-07',NULL,'Martín','+44 341 446-9439','iapos',NULL,270,10,'+44 341 446-9439'),(780,'32793693','F','Fabiana gabina','Ibarra','1986-05-04',NULL,'Ferrau pablo','+44 3400 41-1440','Osammvc',NULL,229,10,'+44 3400 41-1440'),(781,'12402785','M','Daniel','García','1958-01-18',NULL,'Joaquín García','+44 341 339-8440','ECCO',NULL,270,10,'+44 341 339-8440'),(782,'17553853','M','RAUL OSCAR','VIANO','1965-12-22',NULL,'viano cristina','+44 341 330-4331','osecac',NULL,269,10,'+44 341 330-4331'),(783,'32334293','M','Juan Pablo','Ferrau','1985-08-19',NULL,'Gabina','+44 336 434-0834','Osammvc',NULL,229,10,'+44 336 434-0834'),(784,'31066798','M','DARIO','CUFFIA','1984-05-23','ARDEC','LUCIANA IUORNO','+44 341 309-6644','PAMI',NULL,270,10,'+44 341 309-6644'),(785,'33369228','F','Eliana','Campos','1988-02-05',NULL,'Jose Luis gallo','+44 9 341 314-0440','Federada salud',NULL,270,10,'+44 9 341 314-0440'),(786,'35251112','F','María elena','Acosta','1990-04-16','Ninguna','Sara elena','+44 336 433-9336','Sancor salud',NULL,229,10,'+44 336 433-9336'),(787,'29996120','F','LILIAN','TRES FRAGA','1982-09-07',NULL,'MAURICIO ALOI','+44 341 481-6841','iNGENIERIA SALUD',NULL,270,10,'+44 341 481-6841'),(788,'21640815','M','MARCELO','SPREGERO','1970-06-22',NULL,'MONICA','+44 341 693-6394','MEDICINA ESENCIAL',NULL,54040,10,'+44 341 693-6394'),(789,'26623630','M','Eduardo Ariel','Roda','1978-01-29',NULL,'Melina Trovant','+44 341 666-4084','Sancor salud plan 3000',NULL,270,10,'+44 341 666-4084'),(790,'33502267','M','Bruno','Pasquini','1988-02-02',NULL,'Viviana Rodriguez','+44 341 440-1864','Swiss medical',NULL,270,10,'+44 341 440-1864'),(791,'20457260','F','Marcela','Leguizamón','1968-02-21',NULL,'Hugo Omar Bruschini','+44 9 341 391-9638','ECCO',NULL,270,10,'+44 9 341 391-9638'),(792,'30443119','F','Yamila','Quiñonez','1983-06-19',NULL,'Mauro Parente','+44 341 344-3486','Swiss Medical',NULL,270,10,'+44 341 344-3486'),(793,'29055670','M','Sebastian','Pantaleone','1981-01-20',NULL,'Elisabet Pasotti','+44 3463 69-3999','OSECAC',NULL,236,10,'+44 3463 69-3999'),(794,'43914549','F','Milena','Pérez','2002-01-03',NULL,'Milena','+44 3436 61-4496','No tengo',NULL,270,10,'+44 3436 61-4496'),(795,'17254323','F','Marcela','Escobar','1963-09-30','ARDEC','jorge quiroga','+44 341 333-9410','PAMI',NULL,270,10,'+44 341 333-9410'),(796,'34021753','M','Esteban','Lertora','1988-05-04',NULL,'Graciela','+44 3464 44-9933','Si',NULL,343,10,'+44 3464 44-9933'),(797,'40724896','F','Eliana','Villalba','1989-06-05',NULL,'Nancy robles','+44 3463 43-9934','Osdec',NULL,236,10,'+44 3463 43-9934'),(798,'34950211','F','Alejandra Carmen','Mamberto','1990-02-03',NULL,'Gladys Mur','+44 341 380-3336','Ospac',NULL,270,10,'+44 341 380-3336'),(799,'28831638','F','Carolina','Gómez','1981-01-30','Rosario Team','Cintia','+44 341 601-3046','ESENCIAL',NULL,270,10,'+44 341 601-3046'),(800,'12506945','F','Gladys Carmen','Mur','1955-11-30',NULL,'Alejandra Mamberto','+44 11 3194-0998','Ospac',NULL,270,10,'+44 11 3194-0998'),(801,'14469764','F','ELIMA','CACERES','1964-07-30','No','Grandoli pablo ( hijo)','+44 341 449-3643','Emerger',NULL,270,10,'+44 341 449-3643'),(802,'29219793','F','laura','NEHMAD','1981-05-30',NULL,'DAVID NEHMAD','+44 341 646-3490','no tengo',NULL,270,10,'+44 341 646-3490'),(803,'9138626','M','Daniel Osvaldo','Dahlquist','1951-06-28',NULL,'Monica','+44 341 384-1649','Pami',NULL,270,10,'+44 341 384-1649'),(804,'33976605','M','Sebastian','Juarez','1988-07-09',NULL,'Carolina','+44 341 690-3649','Federada Salud',NULL,286,10,'+44 341 690-3649'),(805,'14279079','M','EDUARDO','BULSICCO','1959-11-16',NULL,'Patricia','+44 341 494-3909','urgencias',NULL,270,10,'+44 341 494-3909'),(806,'20419372','M','Eduardo','Desantti','1968-08-07',NULL,'Brach Lorena','+44 341 661-3943','iapos',NULL,270,10,'+44 341 661-3943'),(807,'23756604','F','Carla','Ciuni','1974-11-19',NULL,'Sergio','+44 341 349-8034','Asociación española',NULL,270,10,'+44 341 349-8034'),(808,'21078329','F','Valeria','Ferrer Marini','1969-03-20','La Capital','Betina Ferrer','+44 341 694-0933','si',NULL,270,10,'+44 341 694-0933'),(809,'32940362','F','Pamela','Moyano','1986-07-05','Sacchi','Carmen itati','+44 341 304-6346','Amr',NULL,270,10,'+44 341 304-6346'),(810,'30864322','F','Luciana','Leguizamon','1984-03-13',NULL,'Juan Careaga','+44 341 414-4903','Swiss medical',NULL,270,10,'+44 341 414-4903'),(811,'23545264','M','Juan','Careaga','1973-07-22',NULL,'Luciana Leguizamon','+44 341 604-9308','Osde',NULL,270,10,'+44 341 604-9308'),(812,'26083432','F','Silvia','Bejaran','1977-05-05','No','MATIAS','+44 341 639-3860','Osde',NULL,270,10,'+44 341 639-3860'),(813,'14242435','F','roxana','glikstein','1959-12-22',NULL,'delfina saieva','+44 341 303-3013','swiss medical',NULL,270,10,'+44 341 303-3013'),(814,'28643384','M','dario','buslje','1981-03-27',NULL,'evelyn','+44 341 600-3996','Avalian',NULL,270,10,'+44 341 600-3996'),(815,'24863656','M','Francisco Javier','Berwanger','1978-05-27',NULL,'Cintia Magali Danelon','+44 341 334-3166','Swiss Medical',NULL,270,10,'+44 341 334-3166'),(816,'30107756','F','Erica Gisela','Salinas','1982-12-04','Yiya team','Pablo','+44 336 434-9399','Iapos',NULL,229,10,'+44 336 434-9399'),(817,'35643393','F','Nerina','Taborda','1990-07-06','Yiya Team','Daniel','+44 3400 66-0616','Sancor salud',NULL,229,10,'+44 3400 66-0616'),(818,'29687643','M','Daniel','Luciano','1982-05-04','L&A training Team','Daniel','+44 11 6139-3401','Federada Salud',NULL,270,10,'+44 11 6139-3401'),(819,'41687775','M','Branco','Fernandez','1998-06-22',NULL,'Nelida Tolosa','+44 3491 69-3963','Plenit',NULL,270,10,'+44 3491 69-3963'),(820,'43399506','M','Tomas Alejo','Plaini','2001-04-21','No','Claudio Plaini','+44 3491 33-3146','Osecac',NULL,346,10,'+44 3491 33-3146'),(821,'11949644','F','María elena','Giordana','1955-03-05','Atenas','Hugo zanelli','+44 341 331-4138','Medicus',NULL,270,10,'+44 341 331-4138'),(822,'18358678','M','Jorge','Uarde','1967-07-28','Cronos atletismo','Bouvier jorgelina','+44 341 433-8841','Omint',NULL,270,10,'+44 341 433-8841'),(823,'26413120','F','claudia','fernandez','1978-02-20',NULL,'Javier','+44 341 499-6846','Jerárquico salud',NULL,270,10,'+44 341 499-6846'),(824,'37841294','M','Diego','Alfonso','1993-03-27','No','Melani','+44 341 483-0944','No',NULL,26443,10,'+44 341 483-0944'),(825,'37833136','M','rodrigo','Torres','1993-03-09',NULL,'Maira vera','+44 341 609-0693','Esencial',NULL,270,10,'+44 341 609-0693'),(826,'33243870','M','CLAUDIO RAMIRO','TEJERINA','1987-03-09',NULL,'REBECA CABALLERO','+44 341 639-3660','IOSFA',NULL,270,10,'+44 341 639-3660'),(827,'36415435','F','Melina','Zocco','1991-03-20',NULL,'Delia Degani','+44 341 941-0399','IAPOS',NULL,270,10,'+44 341 941-0399'),(828,'28642738','F','SABRINA NOELIA','AVILA','1980-11-05',NULL,'LAUTARO COLMAN','+44 341 369-0963','SANCOR SALUD',NULL,270,10,'+44 341 369-0963'),(829,'43346133','M','Tomas','Gonzalez','2001-03-31',NULL,'Silvana Gonzalez','+44 341 319-8963','No tengo',NULL,270,10,'+44 341 319-8963'),(830,'32018829','F','Pamela','Timpanaro','1985-09-06',NULL,'Diego','+44 341 633-3436','Ecco',NULL,270,10,'+44 341 633-3436'),(831,'28619018','F','Julieta','Franchi','1981-08-07','Dow up','Manuel teran','+44 341 490-6140','Iapos rosario',NULL,270,10,'+44 341 490-6140'),(832,'27587299','F','MARIA BELEN','SFREGOLA','1979-02-21',NULL,'alvarez sergio','+44 341 310-6641','avalian',NULL,251,10,'+44 341 310-6641'),(833,'19184725','M','pascual jose','jonas','1979-09-17',NULL,'laura','+44 341 400-8643','Ecco',NULL,26511,10,'+44 341 400-8643'),(834,'32277145','M','Diego','Carbonell','1985-11-13',NULL,'Lidia','+44 9 341 346-3384','Esencial',NULL,270,10,'+44 9 341 346-3384'),(835,'31975710','F','Jimena','Berreta','1985-08-10','Corre General Rojo','Maria de los Angeles','+44 336 430-9094','IOMA',NULL,256,10,'+44 336 430-9094'),(836,'22368374','F','Griselda','Pérez','1971-07-02','Yiya tean','Agostina Orellano','+44 3400 49-4434','Osamm',NULL,229,10,'+44 3400 49-4434'),(837,'35778238','M','Mauro Adolfo','Ramirez','1990-11-06',NULL,'Natalia','+44 341 330-4948','Esencial',NULL,270,10,'+44 341 330-4948'),(838,'23169077','M','Sergio Omar','Grecco','1972-07-14',NULL,'Carolina Manfredi','+44 341 333-0880','UOM',NULL,270,10,'+44 341 333-0880'),(839,'29826529','M','Marcelo Andrés','Marottoli','1982-10-14',NULL,'Maria Eugenia Marottoli','+44 341 694-3840','I.A.P.O.S',NULL,270,10,'+44 341 694-3840'),(840,'34311803','M','JUAN EMILIO','CISNERO','1988-10-12','MENEGUZZI RUNNING TEAM','MARIA LIS AVALIS','+44 341 394-1630','FEDERADA SALUD',NULL,343,10,'+44 341 394-1630'),(841,'35259815','M','Alejandro Emanuel','Garcia','1989-09-13','Atenas','Norma sclabi','+44 3403 43-9939','SanCor salud',NULL,351,10,'+44 3403 43-9939'),(842,'33820001','M','Emanuel','Paez','1987-12-07','Los chozer','Magali Sandez','+44 341 369-3810','Esencial',NULL,286,10,'+44 341 369-3810'),(843,'36319988','M','GUSTAVO','ARISMENDI','1986-03-26','ATENAS RUNNING TEAM','ANDRÈS ARAYA','+44 341 930-4904','OMINT',NULL,270,10,'+44 341 930-4904'),(844,'33126568','M','Federico Hernán','Martinez','1987-01-08','No','3415218024','+44 341 431-8034','Ospac',NULL,270,10,'+44 341 431-8034'),(845,'23825736','M','Mariano','Pariente','1973-12-13',NULL,'Jorgelina','+44 341 411-3946','Avalian',NULL,270,10,'+44 341 411-3946'),(846,'32563935','F','MARIA JIMENA','ECHARTE','1986-04-25',NULL,'JUAN PABLO BOYKO','+44 341 346-9696','AVALIAN',NULL,26511,10,'+44 341 346-9696'),(847,'20687000','F','CARINA','MOREIRAS','1969-04-08',NULL,'PATRICIA MOREIRAS','+44 341 404-9439','ESENCIAL',NULL,270,10,'+44 341 404-9439'),(848,'36141641','F','Luisina','Sanchi','1992-04-14',NULL,'Dalma Mancilla','+44 341 933-0401','Ospac',NULL,270,10,'+44 341 933-0401'),(849,'24854611','F','Claudia','Comment','1976-02-21',NULL,'Patricia Comment','+44 3493 40-4663','Federada Salud',NULL,54260,10,'+44 3493 40-4663'),(850,'30106782','M','Sebastian','Antuña','1983-12-08',NULL,'Cecilia','+44 341 663-4136','Federada Salud',NULL,270,10,'+44 341 663-4136'),(851,'12392554','M','José Santiago','Delmastro','1958-08-11',NULL,'Nora Camino','+44 3493 44-4460','Prevencion Salud',NULL,246,10,'+44 3493 44-4460'),(852,'35518947','M','Fabio','Verna','1990-07-10',NULL,'Rocío Giménez','+44 343 444-1804','OPSA',NULL,53970,10,'+44 343 444-1804'),(853,'18379077','M','Gustavo','Linzuain','1967-03-09','Diario la Capital','Baruzzo gabriela','+44 341 488-4414','osde',NULL,270,10,'+44 341 488-4414'),(854,'27570329','M','Jóse','Zeibert','1979-01-22',NULL,'Romina','+44 3464 69-1634','Si',NULL,53970,10,'+44 3464 69-1634'),(855,'34208781','M','alan daniel','sid','1989-01-05','no','Rubén padre','+44 341 644-0603','ecco',NULL,270,10,'+44 341 644-0603'),(856,'28490049','M','Hernan','Gallo','1980-01-30',NULL,'Eliana','+44 341 463-9984','Osde',NULL,270,10,'+44 341 463-9984'),(857,'28788065','F','Nerina','GONZALEZ','1981-10-21',NULL,'Liliana','+44 341 338-4099','Iapos',NULL,270,10,'+44 341 338-4099'),(858,'21570910','M','Jorge','Retondaro','1970-04-01','Ninguna','Verónica Caceres','+44 341 334-0431','Iapos',NULL,270,10,'+44 341 334-0431'),(859,'24731478','F','ANA CRISTINA','VICENTE','1975-08-16',NULL,'SEBASTIAN RAVIOLO','+44 341 639-9946','OSSEG',NULL,270,10,'+44 341 639-9946'),(860,'22134742','M','gustavo','romero','1971-05-10','GRUPO SACCHI','RAUL','+44 341 403-0899','IAPOS',NULL,26511,10,'+44 341 403-0899'),(861,'30559391','M','Sebastian Nicolas','Carreño','1983-08-06',NULL,'Natalia','+44 341 466-8899','iapos',NULL,270,10,'+44 341 466-8899'),(862,'16586539','M','HUGO LUIS','TUDINO','1963-03-31',NULL,'LO PICCOLO STELLA MARIS','+44 341 616-6939','ESENCIAL OSPE423',NULL,270,10,'+44 341 616-6939'),(863,'29928803','M','exequiel','catalani','1982-12-16',NULL,'exequiel','+44 341 391-8343','swiss medical',NULL,351,10,'+44 341 391-8343'),(864,'20776540','M','Eduardo Manuel','Poggiani','1968-10-24',NULL,'Alfonsina M. Banchetti','+44 3464 48-0484','OSDE',NULL,343,10,'+44 3464 48-0484'),(865,'22993307','M','MARCELO','BENITEZ','1972-02-23',NULL,'VIVIANA','+44 341 643-6934','OSECAC',NULL,286,10,'+44 341 643-6934'),(866,'39713207','F','Micaela','Benzaquen','1996-04-24','Atenas running team','Eduardo Benzaquen','+44 341 318-9961','Osecac',NULL,270,10,'+44 341 318-9961'),(867,'23143701','M','Marcelo','Caffarengo','1972-12-16',NULL,'Andrea Olmedo','+44 341 393-4496','Omint',NULL,270,10,'+44 341 393-4496'),(868,'22365644','F','Sandra','Alvarez','1971-04-09',NULL,'Juan carlos','+44 341 499-8894','Iapos',NULL,286,10,'+44 341 499-8894'),(869,'31026759','M','leandro','vera','1984-07-06','vikingxa training','claudia','+44 3941 61-0031','iosfa',NULL,270,10,'+44 3941 61-0031'),(870,'22731822','F','Nanci','Lopez','1971-12-26',NULL,'José Luis Monzon','+44 3400 41-9814','Mutual Acindar',NULL,229,10,'+44 3400 41-9814'),(871,'13724646','M','Ruben','Stalli','1960-02-26',NULL,'Rosa Rodriguez','+44 341 490-4604','Osde',NULL,270,10,'+44 341 490-4604'),(872,'33916031','F','Cesia nancy','Rojas','1988-01-20',NULL,'Pedro palacios','+44 341 344-0099','Obra social uom',NULL,270,10,'+44 341 344-0099'),(873,'34848575','F','Maria Pia','Berreta','1990-05-19',NULL,'Maria de los Angeles Merello','+44 336 430-9084','IOMA',NULL,270,10,'+44 336 430-9084'),(874,'26261596','F','Sandra','Guajardo','1977-02-11',NULL,'Sebastian','+44 341 444-3639','Amsterdam salud',NULL,270,10,'+44 341 444-3639'),(875,'36014147','M','Andres','Glasmann','1991-05-27',NULL,'Micaela vaskas','+44 3468 44-3366','Avaliant',NULL,53970,10,'+44 3468 44-3366'),(876,'26784443','M','Matias','Ricchetti','1978-08-30',NULL,'valeria','+44 341 334-9393','urgencias',NULL,270,10,'+44 341 334-9393'),(877,'12508168','M','Alfredo raul','Robles','1957-01-28',NULL,'Mercedes lebeque','+44 341 499-3896','Si',NULL,270,10,'+44 341 499-3896'),(878,'16706754','M','Ricardo','Berreta','1963-02-22',NULL,'Maria de los Angeles Merello','+44 336 430-9094','IOMA',NULL,256,10,'+44 336 430-9094'),(879,'22757805','M','Fabian','Ruiz','1971-12-03',NULL,'Carina leguizamon','+44 3464 44-3006','Mapaso',NULL,53970,10,'+44 3464 44-3006'),(880,'24158245','M','RODRIGO DANIEL','ROMITI','1974-02-01',NULL,'MARIA LINA FIGARI','+44 341 408-6089','AMR',NULL,270,10,'+44 341 408-6089'),(881,'33888752','M','yamila mariana','Perretta','1988-06-17',NULL,'Gabriel Perretta','+44 341 499-8880','Sancor1000',NULL,270,10,'+44 341 499-8880'),(882,'28725046','F','Carina','Carina Perez','1980-12-24','Buscando más','Fabi Pereyra','+44 341 699-4004','Avalian',NULL,345,10,'+44 341 699-4004'),(883,'22728923','F','VIVIANA','MACOR','1972-04-30',NULL,'3413364029','+44 341 336-4039','ospro',NULL,26445,10,'+44 341 336-4039'),(884,'36620300','M','MARCELOS ALFREDO','LOPEZ','1991-09-28',NULL,'LORENA LOPEZ','+44 3491 48-0309','Particular',NULL,26474,10,'+44 3491 48-0309'),(885,'29933384','M','Maximiliano','Mancilla','1982-07-20','ATENAS','Barbara Vazquez','+44 341 499-3311','AVALIAN',NULL,270,10,'+44 341 499-3311'),(886,'37952130','F','Maria Belen','Maraval','1994-01-14',NULL,'María del Rosario Vázquez','+44 341 444-1443','Osde',NULL,307,10,'+44 341 444-1443'),(887,'27443566','F','Miriam','Wagner','1979-01-09','Buscando+','Vanina','+44 341 349-4939','Pública',NULL,26513,10,'+44 341 349-4939'),(888,'22981177','F','Claudia Mariel','Acosta','1971-11-01','Buscando +','Marcelo','+44 341 361-4310','Alianza medica',NULL,26513,10,'+44 341 361-4310'),(889,'23326411','M','Sebastián','Weller','1972-11-04',NULL,'Andrea','+44 341 469-8334','Omint',NULL,270,10,'+44 341 469-8334'),(890,'25205335','M','Adrian','Cañete','1975-07-19','Calle y pista','Martin','+44 341 304-8419','Salud del nuevo rosario',NULL,308,10,'+44 341 304-8419'),(891,'22608023','F','María Alejandra','Galeano','1971-05-06','Buscando+','Carolina','+44 341 314-9343','Ciba',NULL,26513,10,'+44 341 314-9343'),(892,'14743183','F','María Isabel','Mendoza','1961-07-16',NULL,'Guillermo Salerni','+44 341 484-4066','Iapos',NULL,270,10,'+44 341 484-4066'),(893,'43974146','M','Santiago','Cossettini','2002-01-13',NULL,'Fabiana','+44 341 304-8998','Esencial',NULL,270,10,'+44 341 304-8998'),(894,'24652169','M','Jorge','Angulo','1974-12-19',NULL,'Omar','+44 341 484-0449','Ocecac',NULL,270,10,'+44 341 484-0449'),(895,'24675758','M','Fabián','Bartoldi','1975-04-07','Noo','Evan','+44 341 334-4416','No',NULL,270,10,'+44 341 334-4416'),(896,'35974047','M','Matias','Villagomez','1991-04-04',NULL,'Verona Menna','+44 341 491-1116','PLENIT',NULL,270,10,'+44 341 491-1116'),(897,'23546584','F','Gabriela','Sola','1973-06-26',NULL,'NESTOR DEL GRANDE','+44 341 694-0186','iapos',NULL,246,10,'+44 341 694-0186'),(898,'21841294','F','MARIA JOSE','MEDINA','1971-04-01','No','Marcelo Barrera','+44 341 668-4849','No',NULL,270,10,'+44 341 668-4849'),(899,'37097225','F','Sofia','Vicentin','1992-12-29','Rosario Calle y pista','Franco','+44 341 649-3116','Osdop',NULL,270,10,'+44 341 649-3116'),(900,'17469678','F','JUDIT ALEJANDRA','ABALOS','1965-01-20',NULL,'NAIR PINTUS','+44 341 603-0693','ospac',NULL,270,10,'+44 341 603-0693'),(901,'16205743','M','JORGE LUIS','PINTUS','1962-04-03',NULL,'NAIR PINTUS','+44 341 603-0693','osconara sancor',NULL,270,10,'+44 341 603-0693'),(902,'23279615','M','Jorge Alberto','Gutiérrez','1973-02-08','No','Vanesa Gutiérrez','+44 341 381-3339','Ciba',NULL,270,10,'+44 341 381-3339'),(903,'45941199','F','Juliana','Di Salvo','2004-06-09',NULL,'Marcelo','+44 341 403-9896','Grupo San Nicolás',NULL,270,10,'+44 341 403-9896'),(904,'13414147','M','Carlos Alberto','Guevara','1957-04-09',NULL,'Brenda guevara','+44 341 643-9843','Pami',NULL,270,10,'+44 341 643-9843'),(905,'34652041','F','Barbara','Berlande','1988-09-02',NULL,'Daniela','+44 341 409-8098','Dasuten',NULL,270,10,'+44 341 409-8098'),(906,'28132296','M','Juan Manuel','Suárez Romero','1979-10-09',NULL,'María Florencia Di rienzo','+44 341 404-4309','IAPOS',NULL,270,10,'+44 341 404-4309'),(907,'25052544','F','Alejandra','Sannazzaro','1975-12-19','Cronos','Eleonora','+44 341 311-8844','Osetya',NULL,270,10,'+44 341 311-8844'),(908,'18574664','M','Mauricio Bernardo','Querede','1966-12-31',NULL,'Di santo Vanesa','+44 3499 48-8944','Osecac',NULL,285,10,'+44 3499 48-8944'),(909,'34854202','F','Laura','Benzaquen','1989-05-26','Atenas Running Team','Eduardo','+44 341 318-9961','IAPOS',NULL,270,10,'+44 341 318-9961'),(910,'29116064','M','Martin','Ortega','1982-01-15','Rosario Calleypista','Gabriela Troncoso','+44 341 664-9031','Swiss Medical',NULL,345,10,'+44 341 664-9031'),(911,'30044363','M','Hugo','Acuña','1982-06-28','ARDEC','Aldana','+44 341 690-1949','Policlínico san Martín',NULL,270,10,'+44 341 690-1949'),(912,'17842773','M','Marcelo','Segundo','1966-03-22','La era running','Bibiana','+44 341 490-8449','Iapos',NULL,270,10,'+44 341 490-8449'),(913,'31754862','F','Cintia Gisela','Bais','1985-04-27',NULL,'acosta jorgelina','+44 341 396-6490','ciba',NULL,270,10,'+44 341 396-6490'),(914,'22265072','F','Monica','Anelli','1971-03-24','No','Carina Mugracci','+44 341 648-3843','Plenit',NULL,270,10,'+44 341 648-3843'),(915,'33639981','M','Joel Federico','Espindola','1988-01-08','Gendarmería','Romero yessica Flavia Evelin','+44 341 414-0844','Si tengo',NULL,270,10,'+44 341 414-0844'),(916,'45169294','F','CAROLA','BAEZ','2003-04-28',NULL,'ISOLA SUSANA','+44 341 339-4418','MUTUAL ACINDAR',NULL,229,10,'+44 341 339-4418'),(917,'22992782','M','ANDRES ALEJANDRO','UBALDI','1972-01-29',NULL,'Giuliana Ubaldi','+44 341 409-3193','IAPOS',NULL,270,10,'+44 341 409-3193'),(918,'24051601','F','GRETEL','AMSLER','1974-12-06',NULL,'Andres Ubaldi','+44 341 400-0989','UTA',NULL,270,10,'+44 341 400-0989'),(919,'25297391','M','Ariel Hernan','Salina','1976-07-17',NULL,'Cecilia','+44 3491 68-6499','Iapos',NULL,270,10,'+44 3491 68-6499'),(920,'17011808','M','Marcelo','Ventureira','1964-04-09','Grupo Sacchi','Marisa','+44 341 346-4436','MUTUALYF',NULL,270,10,'+44 341 346-4436'),(921,'22913346','F','Susana','Isola','1971-12-19',NULL,'HERNAN BAEZ','+44 341 490-3334','MUTUAL ACINDAR',NULL,229,10,'+44 341 490-3334'),(922,'13344006','F','Mirta','Hyon','1959-06-26',NULL,'Guillermo Radunsky','+44 341 483-4140','Pami',NULL,270,10,'+44 341 483-4140'),(923,'25755613','M','Hugo Fernando','Bloch','1977-01-21',NULL,'Mónica marti','+44 341 411-6339','Avalian',NULL,270,10,'+44 341 411-6339'),(924,'34266517','F','Natalia Elena','GONELLA','1988-11-22',NULL,'ANA MARIA CHIABORELLI','+44 341 306-1993','AVALIAN',NULL,270,10,'+44 341 306-1993'),(925,'45782065','F','Maria del Pilar','Bermudez','2003-09-25',NULL,'Moises Ramírez','+44 341 696-4014','No tengo',NULL,270,10,'+44 341 696-4014'),(926,'13011889','F','Yolanda Editz','Pogonza','1959-05-01','no','maximiliano pogonza (hijo)','+44 341 449-4699','iapos',NULL,307,10,'+44 341 449-4699'),(927,'17884810','M','Jose','Quiros','1966-05-23','Briannutriftness','Yamila','+44 341 638-9400','Oseca',NULL,286,10,'+44 341 638-9400'),(928,'37132125','F','Marianela','Rodriguez','1992-12-09',NULL,'Silvia granato','+44 341 644-4089','Sancor salud',NULL,270,10,'+44 341 644-4089'),(929,'23669221','M','Juan','Cairo','1973-06-24',NULL,'Marcela Rodriguez','+44 341 346-9083','Iapos',NULL,270,10,'+44 341 346-9083'),(930,'37046956','F','Vanesa evelyn','Chapuy','1987-03-21',NULL,'Omar mano','+44 341 641-1810','Prevención salud',NULL,270,10,'+44 341 641-1810'),(931,'22760001','M','Fabian','Garcia','1972-06-28',NULL,'Adriana villamayor','+44 11 3464-6144','Osmecom',NULL,53863,10,'+44 11 3464-6144'),(932,'23726913','F','marina','morzan','1973-08-02',NULL,'Cristián','+44 341 486-8430','URGENCIAS / DASUTEN',NULL,270,10,'+44 341 486-8430'),(933,'14354464','M','Claudio Norberto','Plaini','1961-04-19','No','Silvia Irure','+44 3491 63-4434','Osecac',NULL,346,10,'+44 3491 63-4434'),(934,'38306241','M','Lucas','Sassaroli','1994-07-30',NULL,'Lucia Soljan','+44 341 943-1440','OSECAC',NULL,270,10,'+44 341 943-1440'),(935,'33604975','F','Jesica Elisa','Godoy','1987-06-30','Cm running','Olga','+44 3496 64-9109','Publica',NULL,54040,10,'+44 3496 64-9109'),(936,'33331433','F','Adriana','Sotelo','1986-12-02',NULL,'Daniel','+44 341 334-3011','No tengo',NULL,270,10,'+44 341 334-3011'),(937,'29286894','F','Betiana','Fonzo','1982-06-11',NULL,'Damiani Graciela','+44 3464 44-3888','Iapos',NULL,53970,10,'+44 3464 44-3888'),(938,'24088145','F','adriana','croci','1974-01-21',NULL,'muriel kench','+44 341 344-3143','ospro',NULL,270,10,'+44 341 344-3143'),(939,'31505782','M','Raul','Cantizano','1984-08-27','-','Gisela','+44 341 339-4319','+osdop',NULL,270,10,'+44 341 339-4319'),(940,'28965607','F','María Pia','Castelli','1981-05-20',NULL,'Sebastián Dziubek','+44 341 443-4996','Urgencias',NULL,270,10,'+44 341 443-4996'),(941,'29047806','F','Luciana Valeria','Facco','1980-12-09',NULL,'Anabella Facco','+44 341 344-3491','AMR SALUD',NULL,270,10,'+44 341 344-3491'),(942,'16819532','F','Susana','Grimaldi','1963-04-01',NULL,'Daniel Grimaldi','+44 341 693-9414','ospro',NULL,270,10,'+44 341 693-9414'),(943,'26124973','M','Diego','Gensiano','1977-10-03',NULL,'alejandro gensiano','+44 341 400-0364','federada salud',NULL,270,10,'+44 341 400-0364'),(944,'31695098','M','Martin','Dallavalle','1985-03-28',NULL,'natalia','+44 341 619-3019','osde',NULL,270,10,'+44 341 619-3019'),(945,'30535841','M','Alberto José','Benítez','1983-08-15',NULL,'Lamas, Ivone','+44 341 314-1499','OSIAD SALUD',NULL,308,10,'+44 341 314-1499'),(946,'14677259','M','RODOLFO','ESCALADA','1961-04-25','ATENAS RUNNING TEAM','ANA MARÍA SALUZZI','+44 341 361-1011','OSDEPYM',NULL,307,10,'+44 341 361-1011'),(947,'46028413','M','Santiago','Tojo Romero','2004-03-16',NULL,'Pablo Tojo','+44 341 691-1919','Iapos',NULL,270,10,'+44 341 691-1919'),(948,'36254975','M','Jonatan','Barlaro','1991-11-27','No','Jonatan','+44 341 664-0300','Galeno',NULL,270,10,'+44 341 664-0300'),(949,'24378521','F','Ruth','Montellano','1974-09-27',NULL,'Dario Mina','+44 341 384-1916','Medicus',NULL,270,10,'+44 341 384-1916'),(950,'17783041','M','Dario','Mina','1966-02-13',NULL,'Ruth Montellano','+44 3448 46-9344','Medicus',NULL,270,10,'+44 3448 46-9344'),(951,'42600191','M','Federico Gabriel','García Velasco','1999-06-09','ATLAS Team','Gustavo, padre','+44 341 694-0140','OSDE 210',NULL,270,10,'+44 341 694-0140'),(952,'42396491','M','Cristian Mario','Bascolo','1999-08-23','Buscando más troopers','Ana maria','+44 341 343-6369','Amr',NULL,270,10,'+44 341 343-6369'),(953,'23623616','M','Marcelo','Blanco','1973-02-23',NULL,'Analia  Palavecino','+44 341 601-3934','Ecco',NULL,270,10,'+44 341 601-3934'),(954,'42437341','F','Karen','Pulido','2000-01-12','Buscando más Troopers','Nanci Gabriela torres','+44 341 391-3984','UOM',NULL,270,10,'+44 341 391-3984'),(955,'18683740','M','Marcelo','Hervias','1967-07-31',NULL,'Jorgelina Martino','+44 341 609-3081','Ospac',NULL,26443,10,'+44 341 609-3081'),(956,'27389203','F','Mariela','Arroyo','1979-05-27',NULL,'Daniel','+44 341 330-1389','Sancor',NULL,251,10,'+44 341 330-1389'),(957,'29062055','M','GERMAN PATRICIO','FREY','1981-07-31','PILAY S.A.','FREY NATALIA','+44 341 360-4901','FEDERADA SALUD',NULL,270,10,'+44 341 360-4901'),(958,'36929109','M','Nicolas','Alvigini','1993-05-16',NULL,'Papa','+44 341 690-3133','Esencia MTA',NULL,270,10,'+44 341 690-3133'),(959,'24001607','F','Patricia Andrea','Griffine','1973-11-22',NULL,'Antonio Griffine','+44 341 339-4044','Iapos',NULL,270,10,'+44 341 339-4044'),(960,'33789469','M','Jonatan','Godoy','1987-10-27',NULL,'Vera mayra','+44 341 648-9493','Osecac',NULL,307,10,'+44 341 648-9493'),(961,'35001301','F','Roxana','Saavedra','1989-06-12',NULL,'Darío','+44 3464 63-4383','Camioneros primero',NULL,53970,10,'+44 3464 63-4383'),(962,'31150319','F','Vanesa Daniela','Fernandez','1984-02-10','No','Vilma Fernandez','+44 3464 44-8633','Jerarquicos Salud',NULL,53970,10,'+44 3464 44-8633'),(963,'36949463','F','Agustina','Villafaña','1992-03-26','Zona 4 Entrenamientos','Lucas moretti','+44 3496 63-4134','Swiss médica',NULL,199291,10,'+44 3496 63-4134'),(964,'17475967','F','Edith Yolanda','Canova','1964-09-06',NULL,'Juan Francisco, Alonso','+44 3434 40-1360','AVALIAN',NULL,53846,10,'+44 3434 40-1360'),(965,'25208032','M','CRISTIAN','CESCHINI','1975-12-16',NULL,'Ines','+44 341 419-9341','Federada',NULL,270,10,'+44 341 419-9341'),(966,'26210214','M','Daniel','Donamaria','1977-11-20',NULL,'Mariela','+44 341 664-3499','SANCOR SALUD',NULL,270,10,'+44 341 664-3499'),(967,'23538848','F','María costanza','Segovia','1973-08-15','Grupo sacchi','Marcos Maritano','+44 341 641-0346','Iapos',NULL,26443,10,'+44 341 641-0346'),(968,'26471947','F','Priscila','Laporte','1977-12-29','Atenas //1696RQCCTW','Hernán Santamaría','+44 341 680-0009','Avalian',NULL,270,10,'+44 341 680-0009'),(969,'28899390','F','Adriana','Cinzano','1981-02-02',NULL,'Oriana Sereno','+44 344 410-3999','ANDAR',NULL,270,10,'+44 344 410-3999'),(970,'31230136','M','Lionel Lucas','Montero','1984-07-23',NULL,'Matias','+44 341 484-9064','OSDE',NULL,307,10,'+44 341 484-9064'),(971,'22478592','F','Stella','Gómez','1971-02-26','Buscando+','Mario','+44 341 344-9409','Iapos',NULL,26513,10,'+44 341 344-9409'),(972,'26132848','M','Diego','Santa Cruz','1977-09-24',NULL,'Paola','+44 341 694-9496','Urgencias 4351111',NULL,270,10,'+44 341 694-9496'),(973,'31552301','M','Pablo Alejandro','Viso romero','1985-01-29','No','Rocio','+44 341 303-0964','Federada',NULL,270,10,'+44 341 303-0964'),(974,'13785204','M','Osvaldo Omar','Gananopulo','1959-11-02',NULL,'Frontera Alejandra Edit','+44 341 399-1913','Swiss Medical',NULL,270,10,'+44 341 399-1913'),(975,'42246536','M','Alexis','Bajo','1999-11-03',NULL,'Ana','+44 341 669-9113','Si',NULL,270,10,'+44 341 669-9113'),(976,'36014799','F','Rut','Ostoich','1991-07-24',NULL,'PABLO CHAVERO','+44 3499 46-3938','AVALIAN',NULL,54260,10,'+44 3499 46-3938'),(977,'24448900','M','Leandro','D Angelo','1974-10-10',NULL,'Natalia Giménez','+44 3499 63-9991','SanCor 3000',NULL,285,10,'+44 3499 63-9991'),(978,'23991307','F','Karina','Neri','1974-02-08','no','Andrés Cortesi','+44 341 660-4894','Económicas Salud',NULL,270,10,'+44 341 660-4894'),(979,'17813717','M','Osvaldo','Devito','1965-05-14',NULL,'Natalia Gimenez','+44 3499 63-9991','Osecac',NULL,285,10,'+44 3499 63-9991'),(980,'24386127','M','Andres','CALUVA','1974-09-28','ATENAS//EECLYVL4GI','Sandra perassi','+44 341 643-4048','No',NULL,270,10,'+44 341 643-4048'),(981,'31218354','F','Sofia','Mengarelli','1985-02-26','Rosario calle y pista','Hernan','+44 341 618-1448','Ecco',NULL,270,10,'+44 341 618-1448'),(982,'6393129','M','Ricardo Gregorio','Cifuentes','1945-04-13',NULL,'Silvia Cifuentes','+44 341 334-0141','Pami',NULL,270,10,'+44 341 334-0141'),(983,'15094946','M','Gerardo','Florido','1962-05-13',NULL,'Laura','+44 3499 63-8648','pami',NULL,285,10,'+44 3499 63-8648'),(984,'44736909','M','Alexix Leonel','Escauriza','2003-04-24',NULL,'Gystavo Scauriza','+44 341 493-0994','IAPOS',NULL,270,10,'+44 341 493-0994'),(985,'42892221','M','Matias','Páez','2000-02-22','Los chozer','Brenda paez','+44 341 649-9430','Esencial',NULL,286,10,'+44 341 649-9430'),(986,'18242652','M','marcelo','banegas','1967-07-16',NULL,'laura jalil','+44 3499 31-8488','federada salud',NULL,285,10,'+44 3499 31-8488'),(987,'25106458','M','Martín','Carbonari','1976-01-12',NULL,'Galo Carbonari','+44 341 399-9941','Jerarquicos Salud',NULL,270,10,'+44 341 399-9941'),(988,'35744915','F','Florencia','Reyes','1990-01-28','Estadio Municipal Jorge Newbery','Luis Reyes','+44 341 639-1386','Iapos',NULL,270,10,'+44 341 639-1386'),(989,'16434250','M','Enrique','Fernandez','1963-06-26',NULL,'Cecilia','+44 341 336-9094','Urgencias 4351111',NULL,270,10,'+44 341 336-9094'),(990,'94820737','M','Andre','Gomez','1993-07-01','Michelob Ultra','Monica Pirollo','+44 341 304-9193','Plenit',NULL,270,234,'+44 341 304-9193'),(991,'20420635','M','diego andres','casadidio','1968-09-25',NULL,'griselda','+44 341 380-1936','federada',NULL,270,10,'+44 341 380-1936'),(992,'35412334','M','Ezequiel','Merciel','1990-07-14','Grupo San Cristobal','Solanas Maria VIrginia','+44 341 363-4308','Prevención Salud SA',NULL,270,10,'+44 341 363-4308'),(993,'37280529','M','Nehuen','Lucchesi','1993-05-30','San Cristobal','Ayelen Lucchesi','+44 341 313-6334','Federada Salud',NULL,270,10,'+44 341 313-6334'),(994,'35941701','F','Cecilia','Duarte','1991-05-29',NULL,'Ezequiel','+44 341 646-9009','OSDE',NULL,270,10,'+44 341 646-9009'),(995,'29592322','M','nicolas','sarmiento','1982-07-04','VX+ N8 // F3V0DQVBSI','Ileana García','+44 341 336-3404','Amur',NULL,270,10,'+44 341 336-3404'),(996,'23867679','M','Walter','Ledesma','1974-04-28',NULL,'Beatriz Oviedo','+44 341 393-9008','OSSEG',NULL,270,10,'+44 341 393-9008'),(997,'123472490','M','jose luis','fernandez','1956-03-19','no','maria rosario torres','+44 341 484-9108','pami',NULL,270,10,'+44 341 484-9108'),(998,'17336522','F','Ivana Rosana','Lasca Sienra','1964-11-27',NULL,'Micaela Cajaravilla','+44 11 3643-3001','OSDE',NULL,213,10,'+44 11 3643-3001'),(999,'31394129','F','Ivana','Moneta','1984-10-17',NULL,'Eneas','+44 341 336-3860','Ospe',NULL,270,10,'+44 341 336-3860'),(1000,'14906547','F','Susana','Francceschi','1962-02-09',NULL,'Martin Ravarotto','+44 341 644-3839','Alerta medica',NULL,270,10,'+44 341 644-3839'),(1001,'28876558','M','Walter Alberto','Barbaccia','1981-09-02','Again','Silvana Zamponi','+44 341 349-9196','Pami',NULL,270,10,'+44 341 349-9196'),(1002,'37794348','F','Joana mariel','Orellano','1994-09-02',NULL,'Juan pablo peresson','+44 3464 48-8389','Federada',NULL,53970,10,'+44 3464 48-8389'),(1003,'17278403','M','Hernán Alejandro','Martinez','1964-12-14','no','Federico Martinez','+44 341 431-8034','Osde',NULL,270,10,'+44 341 431-8034'),(1004,'23637506','M','Flavio Daniel','Ciribe','1973-05-25',NULL,'Fabiana','+44 3400 66-3644','Mutual Acindar Salud',NULL,229,10,'+44 3400 66-3644'),(1005,'26499288','F','María Gabriela','Lencina','1977-11-11',NULL,'Juan José Pelagagge','+44 3469 69-0383','prevención salud',NULL,53970,10,'+44 3469 69-0383'),(1006,'35281825','F','Eliana Gisela','Vazquez','1990-02-28','San Cristobal','Liliana Mancini','+44 341 618-0333','OSSEG',NULL,270,10,'+44 341 618-0333'),(1007,'34594244','M','Damian Claudio','Notaro','1989-08-20',NULL,'Liliana Mancini','+44 341 618-0333','OSSEG',NULL,270,10,'+44 341 618-0333'),(1008,'20720667','M','Mario  Guillermo','Ebressi','1968-11-28','NO','Vanesa','+44 341 666-4303','URG-4351111',NULL,270,10,'+44 341 666-4303'),(1009,'35003067','F','Carla Noelia','Fernandez','1989-08-30',NULL,'Griselda Fernandez','+44 341 493-4439','AMR',NULL,26511,10,'+44 341 493-4439'),(1010,'27440665','F','romina','bravi','1979-03-21',NULL,'horacio','+44 341 369-3338','galeno',NULL,270,10,'+44 341 369-3338'),(1011,'23292752','M','HECTOR','LONGO','1973-04-22',NULL,'Andrea  Villar','+44 341 341-3414','VITTAL',NULL,270,10,'+44 341 341-3414'),(1012,'22440208','F','Carolina','Pérez Goiri','1971-04-23','no','José Luis Lardino','+44 341 493-3393','opac',NULL,270,10,'+44 341 493-3393'),(1013,'27045197','F','Evangelina','Rodriguez','1979-01-01',NULL,'Virginia Gomez','+44 341 446-3931','Amr',NULL,26511,10,'+44 341 446-3931'),(1014,'27959896','M','Diego','Césari','1980-04-27',NULL,'Micaela amadio','+44 3403 43-6340','Swiss medical',NULL,351,10,'+44 3403 43-6340'),(1015,'36183385','F','Miriam','Gongora','1994-05-08','No','Diana','+44 3464 44-9136','No',NULL,53970,10,'+44 3464 44-9136'),(1016,'21298599','M','Gustavo','Molina','1969-09-02','Team Adam','Jorge Molina','+44 341 483-9341','Iapos',NULL,270,10,'+44 341 483-9341'),(1017,'30486731','F','Gabriela','Beron','1983-01-07','No','Pablo pennesi','+44 341 389-4098','Union personal',NULL,270,10,'+44 341 389-4098'),(1018,'23270935','M','Hernan','Tesoriero','1973-04-16','EffectM','Carina','+44 341 600-4088','Iapos',NULL,270,10,'+44 341 600-4088'),(1019,'40076758','M','Franco','Grande','1996-07-15',NULL,'Anabel','+44 341 694-0499','si',NULL,270,10,'+44 341 694-0499'),(1020,'30863905','F','Teresa Eugenia','Aseguin','1983-10-11',NULL,'Pastorino Liliana','+44 341 366-9041','Iapos',NULL,270,10,'+44 341 366-9041'),(1021,'17812127','M','Daniel','Traverso','1966-02-01',NULL,'Walter','+44 341 690-6419','Iapos',NULL,270,10,'+44 341 690-6419'),(1022,'23353024','M','Luis walter','Miranda','1972-09-15','No','Sandra Basualdo','+44 341 330-9434','Osde',NULL,270,10,'+44 341 330-9434'),(1023,'18690161','M','Javier','Olmedo','1967-03-13','Frio11','Valeria Vidal','+44 341 463-9899','Si',NULL,351,10,'+44 341 463-9899'),(1024,'40295157','M','Ezequiel Alexis','Massari','1997-02-17',NULL,'Massari Daniel','+44 341 383-4144','OSIAD',NULL,270,10,'+44 341 383-4144'),(1025,'22158121','M','Cristian','Nigro','1970-08-22',NULL,'Jorgelina','+44 341 614-4441','Omint',NULL,270,10,'+44 341 614-4441'),(1026,'24201994','M','Juan','PUPILLI','1974-06-18',NULL,'Mariela','+44 341 648-9433','Urgencias 351111',NULL,270,10,'+44 341 648-9433'),(1027,'30693887','M','Ariel Hernán','Robba','1983-07-27',NULL,'Ana Carolina Degiorgio','+44 341 491-9664','Osiad',NULL,270,10,'+44 341 491-9664'),(1028,'24093491','F','Jorgelina','Verges','1974-11-21',NULL,'Cristian nigro','+44 341 619-8190','Iapos',NULL,270,10,'+44 341 619-8190'),(1029,'18061656','F','Diana','Muñoz','1965-06-13','Club Nautico Sportivo Avellaneda','Flia Salvatierra','+44 341 469-9146','Ecco',NULL,270,10,'+44 341 469-9146'),(1030,'31700439','M','CARLOS ALBERTO','ROBBA','1984-09-24',NULL,'Rocío','+44 341 414-4343','OSSEG',NULL,270,10,'+44 341 414-4343'),(1031,'24437622','F','Marina','Bencivenga','1974-07-22',NULL,'Sergio cannata','+44 3403 43-4339','Iapos',NULL,229,10,'+44 3403 43-4339'),(1032,'34230764','F','Carolina','Morales','1980-03-06',NULL,'3413150363','+44 341 309-4999','Swiss Medical',NULL,270,10,'+44 341 309-4999'),(1033,'23306725','M','ANDRES','FEUGEAS','1973-03-19',NULL,'florencia','+44 341 364-6694','Ospac',NULL,270,10,'+44 341 364-6694'),(1034,'38215912','M','Manuel Alejandro','Olmedo','1994-10-10',NULL,'Gisela olmedo','+44 3491 33-9393','Osde',NULL,199291,10,'+44 3491 33-9393'),(1035,'32611384','M','Ernesto','Vacchiano','1986-02-26','Salud en movimiento','Rocio Lopez','+44 341 631-3169','Swiss Medical',NULL,270,10,'+44 341 631-3169'),(1036,'18886415','M','Daniel Rubén','Maranzana','1967-09-18','No','Silvia schiro','+44 341 639-6431','Iapos',NULL,270,10,'+44 341 639-6431'),(1037,'28798326','F','Eliana','Badia','1980-08-07','No','Alberto','+44 3463 49-9161','Iapos',NULL,236,10,'+44 3463 49-9161'),(1038,'23141506','F','GABRIELA CLAUDIA','FRANCO','1972-12-14','KONA TEEM','diego','+44 343 409-9494','IAPOS',NULL,251,10,'+44 343 409-9494'),(1039,'35210008','M','Bruno','Veglio','1990-04-21','Atenas','anabella','+44 3403 44-1964','Osiad',NULL,351,10,'+44 3403 44-1964'),(1040,'16538311','M','Oscar','Lovay','1963-06-08','Rosario Team Merrel','Palma, Maria Fernanda','+44 341 408-6868','Swiss Medical',NULL,270,10,'+44 341 408-6868'),(1041,'40327177','M','Martin','Muradore','1996-08-14',NULL,'Marta zulema lescano','+44 341 643-3800','Federada',NULL,26443,10,'+44 341 643-3800'),(1042,'17891946','M','Gustavo','Lambrisca','1966-04-22',NULL,'Mariella Bellina','+44 341 484-4398','Osde',NULL,270,10,'+44 341 484-4398'),(1043,'17937876','M','Jorge','Alcañiz','1965-11-27',NULL,'Gustavo Lambrisca','+44 341 349-8134','osde',NULL,270,10,'+44 341 349-8134'),(1044,'35240196','M','Flavio','Polenta','1989-08-28',NULL,'Stella Maris Sargenti','+44 9 3403 49-4333','Esencial Medicina Prepaga',NULL,270,10,'+44 9 3403 49-4333'),(1045,'25118176','F','JORGELINA MARIANGELES','ACOSTA','1976-07-25',NULL,'Cintia Bais','+44 341 636-8809','Omint',NULL,270,10,'+44 341 636-8809'),(1046,'31604088','F','Andrea','Vespa','1985-05-29','San cristobal','Pablo','+44 341 449-8190','Osde',NULL,270,10,'+44 341 449-8190'),(1047,'26559454','F','Fernanda','Bonetti','1977-10-31','No','Fabián Malaponte','+44 341 649-3899','Esencial plan E',NULL,270,10,'+44 341 649-3899'),(1048,'30433339','M','Rafael','Martinez','1983-04-09',NULL,'Evelyn Capoulat','+44 341 319-9614','UNR',NULL,270,10,'+44 341 319-9614'),(1049,'41640005','F','Valentina','Remondino','1998-10-13','Natural Run','Tomás','+44 3496 49-4314','No presenta',NULL,54040,10,'+44 3496 49-4314'),(1050,'30183082','F','Rosana','Heit','1982-12-16',NULL,'Eduardo Sánchez','+44 3493 30-4464','Swiss medical',NULL,278,10,'+44 3493 30-4464'),(1051,'31995646','M','Eduardo','Sánchez','1985-04-11',NULL,'Rosana Heit','+44 3493 48-4333','Swiss medical',NULL,278,10,'+44 3493 48-4333'),(1052,'20905579','M','marcelo','brandoni','1967-11-03',NULL,'susana moschini','+44 341 343-8469','no',NULL,270,10,'+44 341 343-8469'),(1053,'25782466','F','Silvia','Cartofiel','1976-05-13','Escorrertens','Fabian','+44 11 4463-3314','Medicus',NULL,173,10,'+44 11 4463-3314'),(1054,'37784213','F','Julieta','Isla','1993-03-26',NULL,'Federico Garrone','+44 341 331-3989','OSDE 210',NULL,270,10,'+44 341 331-3989'),(1055,'22934828','M','Carlos','Mandirola','1974-05-15','Sdg team','Silvia','+44 341 339-4149','Osde',NULL,26511,10,'+44 341 339-4149'),(1056,'17532820','M','Narciso','Canteros','1965-09-29',NULL,'Claudia','+44 3483 48-0188','Ospecon',NULL,220,10,'+44 3483 48-0188'),(1057,'33522125','M','Emanuel','cejas','1987-12-19',NULL,'Dichiara claudia soledad','+44 3464 49-8604','Sancor salud',NULL,343,10,'+44 3464 49-8604'),(1058,'23650837','M','Leandro Mario','Rolon','1974-01-01','No','Ruben Stalli','+44 341 408-4499','Esencial',NULL,270,10,'+44 341 408-4499'),(1059,'20904928','F','Maria Belen','Baclini','1969-11-28',NULL,'3416906919','+44 341 690-6919','IAPOS',NULL,270,10,'+44 341 690-6919'),(1060,'21507766','M','Mariano','Magnani','1969-11-26',NULL,'Victoria','+44 341 611-9993','Iapos',NULL,270,10,'+44 341 611-9993'),(1061,'20296974','M','hernan jesus','Monteverde','1969-12-17',NULL,'Gino','+44 3401 41-9984','Jerárquicos salud',NULL,270,10,'+44 3401 41-9984'),(1062,'27774208','M','Diego Walter','Maineri','1979-06-26',NULL,'Perini Mariana','+44 341 616-9113','Osde',NULL,270,10,'+44 341 616-9113'),(1063,'22486883','M','Marcelo','Fernandez','1972-01-23',NULL,'Analia','+44 341 311-6401','Avalian',NULL,345,10,'+44 341 311-6401'),(1064,'38706633','M','Gonzalo','Pizarro','1994-02-09',NULL,'Alejandro','+44 341 348-4991','Iapos',NULL,307,10,'+44 341 348-4991'),(1065,'21164980','F','Analia','Llorens','1969-03-11',NULL,'Savoini Carlos','+44 341 499-3433','Urgencias/OSPAC',NULL,270,10,'+44 341 499-3433'),(1066,'18204382','F','Carina','Mata','1966-12-30','Atenas','Alejandro García','+44 341 330-4304','Ingeniería salud',NULL,270,10,'+44 341 330-4304'),(1067,'23589257','F','Carla','Minetti','1973-12-13',NULL,'Marcelo girardi','+44 341 616-3636','OSDE',NULL,270,10,'+44 341 616-3636'),(1068,'20849307','M','PABLO','PERIOTTI','1969-06-27',NULL,'SCARAFIA MARIELA','+44 3493 44-9349','CENTRO ASISTENCIAL',NULL,246,10,'+44 3493 44-9349'),(1069,'25431224','F','MARIELA','SCARAFIA','1976-09-28',NULL,'PERIOTTI PABLO','+44 3493 44-9343','Centro Asistenial',NULL,246,10,'+44 3493 44-9343'),(1070,'23458737','M','Pablo','Di Lorenzo','1972-12-16',NULL,'Mónica Galfione','+44 341 698-3994','Federada',NULL,270,10,'+44 341 698-3994'),(1071,'23498517','F','Mónica','Galfione','1973-01-02',NULL,'Pablo Di Lorenzo','+44 341 403-3984','Federada',NULL,270,10,'+44 341 403-3984'),(1072,'17298069','M','Carlos Alberto','Permingeat','1965-02-16',NULL,'Concina Daniela','+44 341 663-9994','Osecacc',NULL,270,10,'+44 341 663-9994'),(1073,'26391414','F','Valeria','Ceresole','1978-02-16',NULL,'Marcos Callegari','+44 3464 43-8398','Caja Forense',NULL,270,10,'+44 3464 43-8398'),(1074,'29350340','F','Maria de los Angeles','Alfaro','1981-12-01','Team runnig obera','Amarilla juan ramon','+44 3944 34-3943','Prevencion salud',NULL,175,10,'+44 3944 34-3943'),(1075,'31101533','F','María Lina','Garnero','1984-01-04',NULL,'Genoveva Fattobene','+44 341 333-0934','Osde',NULL,270,10,'+44 341 333-0934'),(1076,'31829820','M','Juan pablo','Orsi','1985-01-25',NULL,'Juan orsi','+44 341 430-6946','Iapos',NULL,270,10,'+44 341 430-6946'),(1077,'18390970','M','Jorge Camilo','Baclini','1966-11-07',NULL,'Agustin Baclini','+44 341 334-9916','Unr',NULL,270,10,'+44 341 334-9916'),(1078,'35048313','M','maximiliano german','perretta','1990-01-08',NULL,'gabriel perretta','+44 341 499-8880','andar',NULL,270,10,'+44 341 499-8880'),(1079,'19129601','F','Evangelina','Viola','1967-05-04','Sacchi','Renzo','+44 341 338-0469','Federada salud',NULL,270,10,'+44 341 338-0469'),(1080,'34430208','M','Pedro','Gómez','1988-12-02',NULL,'Ayelén Rattalino','+44 3388 41-4343','Famyl',NULL,309,10,'+44 3388 41-4343'),(1081,'31741493','F','josefina','sarjanovich','1985-06-10','Sacchi','Susana','+44 341 313-8893','Federada salud',NULL,270,10,'+44 341 313-8893'),(1082,'27920199','F','Mariana','Crer','1980-03-29','No','Adrian Garcia','+44 341 691-1460','Iapos',NULL,270,10,'+44 341 691-1460'),(1083,'41806091','F','florencia alejandra','Traini','1999-05-01',NULL,'María Saluzzi','+44 3496 60-9861','Esencial',NULL,54040,10,'+44 3496 60-9861'),(1084,'38662555','F','Victoria','Rodriguez Piro','1994-11-25','ROSARIO cALLE Y PISTA','fernando','+44 341 619-9831','SI',NULL,270,10,'+44 341 619-9831'),(1085,'31861317','M','Leandro','Irazoqui','1985-08-12','No','Lazzaro giuliana','+44 3493 63-4644','Prevención salud',NULL,295,10,'+44 3493 63-4644'),(1086,'18118786','F','CRISTINA','SAVOLDI','1966-03-12','No','Javier','+44 341 404-4861','IAPO',NULL,270,10,'+44 341 404-4861'),(1087,'24590419','M','MARTIN','MANSILLA','1975-03-10',NULL,'VERONICA MELANO','+44 341 488-8061','FEDERADA SALUD',NULL,307,10,'+44 341 488-8061'),(1088,'28792045','F','ludmila','rodriguez','1982-05-24',NULL,'mariana','+44 341 403-1943','medife',NULL,270,10,'+44 341 403-1943'),(1089,'31347156','M','Luis Alberto','Barrios','1985-02-18',NULL,'Claudio tejerina','+44 3898 41-4933','Si',NULL,270,10,'+44 3898 41-4933'),(1090,'24982960','F','Andrea Mariel','Villar','1975-06-02',NULL,'Hector Longo','+44 341 448-6491','GALENO',NULL,270,10,'+44 341 448-6491'),(1091,'31083218','M','Francisco','Tomas','1984-07-25',NULL,'Celina','+44 341 449-0040','Caja forense',NULL,270,10,'+44 341 449-0040'),(1092,'27072177','M','Guillermo','Anfossi','1978-09-22',NULL,'MELINA','+44 341 689-9863','AMR',NULL,286,10,'+44 341 689-9863'),(1093,'28892186','M','Luciano','CAMPITELLI MAYOR','1980-09-19',NULL,'Celina','+44 341 469-1196','Swiss Medical',NULL,270,10,'+44 341 469-1196'),(1094,'23060762','F','cintia','palacio','1972-05-15',NULL,'carlos escoda','+44 341 619-9936','swiss medical',NULL,270,10,'+44 341 619-9936'),(1095,'30853604','M','juan pablo damian','soto','1984-03-29',NULL,'Nora Beatriz aguilar','+44 341 316-9461','prensa',NULL,270,10,'+44 341 316-9461'),(1096,'36939838','M','Boris','Podrug','1992-02-19',NULL,'justina julia','+44 341 336-9934','caja forense',NULL,270,10,'+44 341 336-9934'),(1097,'25170199','M','carlos','choke','1975-10-16',NULL,'Natalia Mendez','+44 341 601-4941','ESENCIAL',NULL,270,10,'+44 341 601-4941'),(1098,'17155627','M','Juan Pablo','Rebori','1964-08-14',NULL,'Silvana Colarte','+44 9 341 669-8941','Iapos',NULL,270,10,'+44 9 341 669-8941'),(1099,'14016223','M','OSCAR','CENTURION','1957-11-07',NULL,'LUDMILA CENTURION','+44 341 384-4614','PAMI',NULL,270,10,'+44 341 384-4614'),(1100,'30409324','M','Federico','Olmos','1983-01-28',NULL,'Debora Marinozzi','+44 341 330-3936','OSDE',NULL,270,10,'+44 341 330-3936'),(1101,'23266674','F','GRISELDA','GONZALEZ','1972-07-26',NULL,'ROCIO IGLESIAS','+44 341 346-4896','PREVENCION',NULL,270,10,'+44 341 346-4896'),(1102,'17933037','F','Ana Maria','Fauda','1966-07-06',NULL,'coquet guillermo','+44 341 499-4434','swis medical',NULL,270,10,'+44 341 499-4434'),(1103,'24666577','F','IRIS','Moreyra','1975-12-10',NULL,'Luciana Nicola','+44 3496 48-6944','jerarquicos salud',NULL,54040,10,'+44 3496 48-6944'),(1104,'35103395','F','Julieta','Bayardi','1990-02-25','GOROSITO // 93R07JI4KZ','Graciela Bayardi','+44 341 464-8938','Swiss Medical',NULL,270,10,'+44 341 464-8938'),(1105,'22571378','M','Gustavo','Yanco','1971-10-09',NULL,'Guillermo Yanco','+44 341 316-1491','Jerarquicos Salud',NULL,270,10,'+44 341 316-1491'),(1106,'28856440','M','Diego Leonardo','Izquierdo','1981-06-17',NULL,'Romina Hatlan','+44 341 684-0043','Plenit',NULL,26443,10,'+44 341 684-0043'),(1107,'28318239','M','Mauro','Paglia','1980-07-18','VX+ TEAM','Mirta Aybar','+44 341 438-3084','OSDE 310',NULL,270,10,'+44 341 438-3084'),(1108,'31258293','M','Albano','Gherra','1984-07-30','L&A TEAM','LUISINA','+44 9 341 669-9383','cs esconomica',NULL,270,10,'+44 9 341 669-9383'),(1109,'24655583','M','Damián','Correa','1975-07-22',NULL,'Lucas Correa','+44 3401 41-3813','Avalian',NULL,270,10,'+44 3401 41-3813'),(1110,'23516078','F','jorgelina','Ventroni','1973-05-29',NULL,'sabrina campra','+44 341 444-9434','swiss medical',NULL,270,10,'+44 341 444-9434'),(1111,'94206069','F','Ellen Grece','Crespo Talledo','1987-09-05','Rosario calle y pista','Alejandro Crema','+44 341 480-3640','Galeno',NULL,270,10,'+44 341 480-3640'),(1112,'2303186','M','marcelo fabian','garcia','1971-07-26',NULL,'elisa datto','+44 341 394-0148','avalian',NULL,343,10,'+44 341 394-0148'),(1113,'30023227','F','Flavia','Marangón','1983-05-21','Grupo Sacchi','Liliana Baroni (madre)','+44 3499 40-0838','Esencial',NULL,270,10,'+44 3499 40-0838'),(1114,'40252864','F','Josefina','Rocha','1997-06-26',NULL,'OSCAR ROCHA','+44 3491 43-4416','Federada Salud',NULL,26473,10,'+44 3491 43-4416'),(1115,'27340459','F','maria eugenia','martinez','1978-11-03','vx+','emma','+44 341 333-3983','amr salud',NULL,270,10,'+44 341 333-3983'),(1116,'17138966','M','Oscar','Rocha','1964-02-07',NULL,'Josefina Rocha','+44 3491 43-4431','OSFATyF',NULL,26473,10,'+44 3491 43-4431'),(1117,'23330676','M','Juan manuel','Gonzalez','1970-10-09',NULL,'Enzo gonzalez','+44 341 334-0989','Ciba',NULL,345,10,'+44 341 334-0989'),(1118,'32990478','F','Tamara','Retamal','1987-02-27','Atenas','Adriana fontana','+44 341 683-1863','Iapos',NULL,307,10,'+44 341 683-1863'),(1119,'23880479','F','Florencia','Covacich','1972-04-14',NULL,'Eduardo silvano','+44 341 344-3399','ESCENCIAL',NULL,270,10,'+44 341 344-3399'),(1120,'37152516','M','Lucas Sebastian','Gonzalez','1992-07-31',NULL,'Cindi','+44 341 364-4308','Ospecom',NULL,270,10,'+44 341 364-4308'),(1121,'28466742','F','Ariadna','Sosa','1980-05-21',NULL,'Ramon','+44 341 330-0399','IAPOS',NULL,308,10,'+44 341 330-0399'),(1122,'43750915','F','Emilia','Kuzmicich','2003-02-03',NULL,'Roxana Scornavacca','+44 3469 63-0096','Jerárquicos Salud',NULL,343,10,'+44 3469 63-0096'),(1123,'20661274','M','vicente luis','odino','1968-02-11',NULL,'franco moreyra','+44 341 393-9686','si',NULL,270,10,'+44 341 393-9686'),(1124,'23688815','M','Rodrigo','Barroso','1973-04-07','Santa Fe','Osuna Lorena','+44 343 448-6464','IAPOS',NULL,247,10,'+44 343 448-6464'),(1125,'34592444','M','Nicolas','Natcheff','1989-08-04',NULL,'Griselda Rossetti','+44 341 461-0939','Swiss Medical',NULL,270,10,'+44 341 461-0939'),(1126,'26285602','F','LORENA','OSUNA','1977-05-06',NULL,'BARROSO, RODRIGO','+44 343 484-4999','IAPOS',NULL,247,10,'+44 343 484-4999'),(1127,'16974072','M','CARLOS HORACIO','AYESTARAN','1964-05-07',NULL,'AYESTARAN ALEJO','+44 3499 66-9189','IOMA',NULL,285,10,'+44 3499 66-9189'),(1128,'39478301','F','Melisa','Angles','1995-09-18','Gimnasio Armonia','Mariela Osellame','+44 3464 69-9443','Federada Salud',NULL,343,10,'+44 3464 69-9443'),(1129,'22652671','M','Alejandro','Bordenabe','1972-04-03',NULL,'indiana','+44 341 499-0496','ciencias economicas',NULL,270,10,'+44 341 499-0496'),(1130,'46729568','F','martina','bordenabe','2005-06-02',NULL,'indiana','+44 341 499-0496','ciencias economicas',NULL,270,10,'+44 341 499-0496');
/*!40000 ALTER TABLE `participantes` ENABLE KEYS */;
UNLOCK TABLES;

--
-- Table structure for table `recorridos`
--

DROP TABLE IF EXISTS `recorridos`;
/*!40101 SET @saved_cs_client     = @@character_set_client */;
/*!50503 SET character_set_client = utf8mb4 */;
CREATE TABLE `recorridos` (
  `id` bigint NOT NULL AUTO_INCREMENT,
  `distancia` int NOT NULL,
  `edad_minima` int NOT NULL,
  `importe` decimal(10,2) NOT NULL,
  `maraton_id` bigint NOT NULL,
  `cupo_max_inscriptos` int NOT NULL DEFAULT '500',
  PRIMARY KEY (`id`),
  KEY `fk_recorridos_maratones_idx` (`maraton_id`),
  CONSTRAINT `fk_recorridos_maratones` FOREIGN KEY (`maraton_id`) REFERENCES `maratones` (`id`)
) ENGINE=InnoDB AUTO_INCREMENT=3 DEFAULT CHARSET=utf8mb4 COLLATE=utf8mb4_0900_ai_ci;
/*!40101 SET character_set_client = @saved_cs_client */;

--
-- Dumping data for table `recorridos`
--

LOCK TABLES `recorridos` WRITE;
/*!40000 ALTER TABLE `recorridos` DISABLE KEYS */;
INSERT INTO `recorridos` VALUES (1,42,18,4900.00,1,429),(2,21,16,4900.00,1,710);
/*!40000 ALTER TABLE `recorridos` ENABLE KEYS */;
UNLOCK TABLES;

--
-- Table structure for table `regiones`
--

DROP TABLE IF EXISTS `regiones`;
/*!40101 SET @saved_cs_client     = @@character_set_client */;
/*!50503 SET character_set_client = utf8mb4 */;
CREATE TABLE `regiones` (
  `id` bigint NOT NULL AUTO_INCREMENT,
  `region` varchar(200) CHARACTER SET utf8mb3 COLLATE utf8mb3_spanish_ci NOT NULL,
  `pais_id` bigint NOT NULL,
  PRIMARY KEY (`id`),
  KEY `fk_regiones_paises_idx` (`pais_id`),
  CONSTRAINT `fk_regiones_paises` FOREIGN KEY (`pais_id`) REFERENCES `paises` (`id`) ON DELETE CASCADE ON UPDATE RESTRICT
) ENGINE=InnoDB AUTO_INCREMENT=3873 DEFAULT CHARSET=utf8mb4 COLLATE=utf8mb4_0900_ai_ci;
/*!40101 SET character_set_client = @saved_cs_client */;

--
-- Dumping data for table `regiones`
--

LOCK TABLES `regiones` WRITE;
/*!40000 ALTER TABLE `regiones` DISABLE KEYS */;
INSERT INTO `regiones` VALUES (112,'Misiones',10),(114,'Buenos Aires F.D.',10),(115,'Entre Rios',10),(117,'Buenos Aires',10),(121,'Santa Fe',10),(128,'Mendoza',10),(132,'Cordoba',10);
/*!40000 ALTER TABLE `regiones` ENABLE KEYS */;
UNLOCK TABLES;
/*!40103 SET TIME_ZONE=@OLD_TIME_ZONE */;

/*!40101 SET SQL_MODE=@OLD_SQL_MODE */;
/*!40014 SET FOREIGN_KEY_CHECKS=@OLD_FOREIGN_KEY_CHECKS */;
/*!40014 SET UNIQUE_CHECKS=@OLD_UNIQUE_CHECKS */;
/*!40101 SET CHARACTER_SET_CLIENT=@OLD_CHARACTER_SET_CLIENT */;
/*!40101 SET CHARACTER_SET_RESULTS=@OLD_CHARACTER_SET_RESULTS */;
/*!40101 SET COLLATION_CONNECTION=@OLD_COLLATION_CONNECTION */;
/*!40111 SET SQL_NOTES=@OLD_SQL_NOTES */;

-- Dump completed on 2023-08-22  8:57:24
